Name;Currency;Type;Sub Type;Market;Isin Code;Industry;Supersector;Sector;Subsector;Average Training Hours Per Employee;Number Of Female Board Members;Number Of Board Members;Market Cap In Usd;Carbon Footprint (Total Ghg Emissions / Enterprise Value)_In_Usd;Share Of Women In Total Workforce In %;Share Of Women In Management Bodies In %;Gender Pay Gap In %;Rate Of Employees With Disabilities In %;Board Gender Diversity (Female Board Members / Total Board Members) In %;Total Energy Consumption In Mwh;Rate Of Resignation In %;Component;Isin;Ticker;Trading Location;Issuer Country;Turnover;Turnover In Eur;Volume;Roa;Roe;Roic;Ccy;Index;Component;Ticker
ACCOR;EUR;Stock;Ordinary Shares;Euronext Paris;FR0000120404;40, Consumer Discretionary;4050, Travel and Leisure;405010, Travel and Leisure;40501025, Hotels and Motels;;8.0;13.0;10331920000.0;572.6319;;;;;0.615;13712000.0;;Accor Sa;FR0000120404;AC;Euronext Paris;France;44122934.73;44122934.73;1016775.0;4.0;11.9;8.0;EUR;CAC_40;ACCOR SA;AC
AIR LIQUIDE;EUR;Stock;Ordinary Shares;Euronext Paris;FR0000120073;55, Basic Materials;5520, Chemicals;552010, Chemicals;55201020, Specialty Chemicals;20.0;5.0;14.0;105136060000.0;;0.28;0.3;;0.045;0.357;;0.086;L'Air Liquide Societe Anonyme Pour L'Etude Et L'Exploitation Des Procedes Georges Claude Sa;FR0000120073;AI;Euronext Paris;France;117667138.9;117667138.9;609693.0;6.1;12.9;12.1;EUR;CAC_40;L'AIR LIQUIDE SOCIETE ANONYME POUR L'ETUDE ET L'EXPLOITATION DES PROCEDES GEORGES CLAUDE SA;AI
AIRBUS SE;EUR;Stock;Ordinary Shares;Euronext Paris;NL0000235190;50, Industrials;5020, Industrial Goods and Services;502010, Aerospace and Defense;50201010, Aerospace;15.0;4.0;12.0;136164990000.00002;;0.2;;;;0.333;3717000.0;;Airbus Se;NL0000235190;1AIR;Euronext Paris;Netherlands;165742457.82;165742457.82;969451.0;2.3;23.5;13.5;EUR;CAC_40;AIRBUS SE;1AIR
ARCELORMITTAL SA;EUR;Stock;Ordinary Shares;Euronext Amsterdam;LU1598757687;55, Basic Materials;5510, Basic Resources;551020, Industrial Metals and Mining;55102010, Iron and Steel;;3.0;10.0;21754170000.0;3373.201;;0.157;;;0.3;386666976.0;;Arcelormittal Sa;LU1598757687;MT;Euronext Amsterdam;Luxembourg;44321308.065;44321308.065;1738641.0;2.1;1.8;4.5;EUR;CAC_40;ARCELORMITTAL SA;MT
ARCELORMITTAL SA;EUR;Stock;Ordinary Shares;Euronext Amsterdam;LU1598757687;55, Basic Materials;5510, Basic Resources;551020, Industrial Metals and Mining;55102010, Iron and Steel;;3.0;10.0;21754170000.0;3373.201;;0.157;;;0.3;386666976.0;;Arcelormittal Sa;LU1598757687;MT;Euronext Amsterdam;Luxembourg;44321308.065;44321308.065;1738641.0;2.1;1.8;4.5;EUR;CAC_40;ARCELORMITTAL SA;MT
ARCELORMITTAL SA;EUR;Stock;Ordinary Shares;Euronext Amsterdam;LU1598757687;55, Basic Materials;5510, Basic Resources;551020, Industrial Metals and Mining;55102010, Iron and Steel;;3.0;10.0;21754170000.0;3373.201;;0.157;;;0.3;386666976.0;;Arcelormittal Sa;LU1598757687;MT;Euronext Amsterdam;Luxembourg;44321308.065;44321308.065;1738641.0;2.1;1.8;4.5;EUR;AEX;ARCELORMITTAL SA;MT
ARCELORMITTAL SA;EUR;Stock;Ordinary Shares;Euronext Amsterdam;LU1598757687;55, Basic Materials;5510, Basic Resources;551020, Industrial Metals and Mining;55102010, Iron and Steel;;3.0;10.0;21754170000.0;3373.201;;0.157;;;0.3;386666976.0;;Arcelormittal Sa;LU1598757687;MT.S;Euronext Amsterdam;Luxembourg;44321308.065;44321308.065;1738641.0;2.1;1.8;4.5;EUR;AEX;ARCELORMITTAL SA;MT.S
AXA;EUR;Stock;Ordinary Shares;Euronext Paris;FR0000120628;30, Financials;3030, Insurance;303020, Non-life Insurance;30302010, Full Line Insurance;;9.0;16.0;82540870000.0;2.7178;;0.353;;0.007;0.563;223638.0;0.1;Axa;FR0000120628;CS;Euronext Paris;France;121479807.525;121479807.525;3490177.0;0.9;12.8;7.5;EUR;CAC_40;AXA;CS
BNP PARIBAS ACT.A;EUR;Stock;Ordinary Shares;Euronext Paris;FR0000131104;30, Financials;3010, Banks;301010, Banks;30101010, Banks;24.2;7.0;13.0;80076660000.0;;0.51;;;0.027;0.538;830000.0;;Bnp Paribas Act.A;FR0000131104;BNP;Euronext Paris;France;228114028.42;228114028.42;3467964.0;0.1;12.8;7.5;EUR;CAC_40;BNP PARIBAS ACT.A;BNP
BOUYGUES;EUR;Stock;Ordinary Shares;Euronext Paris;FR0000120503;50, Industrials;5010, Construction and Materials;501010, Construction and Materials;50101010, Construction;;8.0;14.0;14690030000.0;767.1686000000001;;;;;0.571;;;Bouygues Sa;FR0000120503;EN;Euronext Paris;France;36555688.29;36555688.29;965487.0;2.0;8.6;6.6;EUR;CAC_40;BOUYGUES SA;EN
CAPGEMINI;EUR;Stock;Ordinary Shares;Euronext Paris;FR0000125338;10, Technology;1010, Technology;101010, Software and Computer Services;10101010, Computer Services;52.4;6.0;15.0;37140770000.0;23.6684;0.388;0.273;;0.012;0.4;201053.0;;Capgemini Se;FR0000125338;CAP;Euronext Paris;France;98614242.9;98614242.9;462003.0;;;;EUR;CAC_40;CAPGEMINI SE;CAP
CARREFOUR;EUR;Stock;Ordinary Shares;Euronext Paris;FR0000120172;45, Consumer Staples;4520, Personal Care, Drug and Grocery Stores;452010, Personal Care, Drug and Grocery Stores;45201010, Food Retailers and Wholesalers;9.2;7.0;15.0;11936920000.0;;0.55;0.308;;0.043;0.467;4556990.0;0.158;Carrefour Sa;FR0000120172;CA;Euronext Paris;France;31551442.14;31551442.14;1984097.0;2.5;6.8;6.6;EUR;CAC_40;CARREFOUR SA;CA
CREDIT AGRICOLE;EUR;Stock;Ordinary Shares;Euronext Paris;FR0000045072;30, Financials;3010, Banks;301010, Banks;30101010, Banks;33.5;10.0;21.0;44858680000.0;;0.522;0.353;;0.054;0.476;398861.0;0.04;Credit Agricole Sa;FR0000045072;ACA;Euronext Paris;France;76138942.318;76138942.318;5518713.0;0.3;9.6;;EUR;CAC_40;CREDIT AGRICOLE SA;ACA
DANONE;EUR;Stock;Ordinary Shares;Euronext Paris;FR0000120644;45, Consumer Staples;4510, Food, Beverage and Tobacco;451020, Food Producers;45102020, Food Products;;;;42715470000.0;;;;;;;;;Danone Sa;FR0000120644;BN;Euronext Paris;France;72653044.11;72653044.11;1213072.0;4.9;5.6;10.4;EUR;CAC_40;DANONE SA;BN
DASSAULT SYSTEMES;EUR;Stock;Ordinary Shares;Euronext Paris;FR0014003TT8;10, Technology;1010, Technology;101010, Software and Computer Services;10101015, Software;27.9;6.0;12.0;54964830000.0;3.915023;0.281;0.385;;0.027;0.5;82766.0;;Dassault Systemes Se;FR0014003TT8;DSY;Euronext Paris;France;63240288.215;63240288.215;1539715.0;5.6;13.8;11.2;EUR;CAC_40;DASSAULT SYSTEMES SE;DSY
EDENRED;EUR;Stock;Ordinary Shares;Euronext Paris;FR0010908533;50, Industrials;5020, Industrial Goods and Services;502050, Industrial Support Services;50205015, Transaction Processing Services;22.1;6.0;12.0;12471920000.0;6.591200000000001;0.52;0.37;;0.055;0.5;11713829.0;;Edenred;FR0010908533;EDEN;Euronext Paris;France;27183550.11;27183550.11;548825.0;2.8;;13.1;EUR;CAC_40;EDENRED;EDEN
ENGIE;EUR;Stock;Ordinary Shares;Euronext Paris;FR0010208488;65, Utilities;6510, Utilities;651020, Gas, Water and Multi-utilities;65102000, Multi-utilities;28.0;7.0;14.0;41275250000.0;1848.9386;0.265;0.4;0.019;0.035;0.5;217479000.0;0.054;Engie Sa;FR0010208488;ENGI;Euronext Paris;France;107821158.022;107821158.022;6950577.0;3.3;7.7;12.6;EUR;CAC_40;ENGIE SA;ENGI
ESSILORLUXOTTICA;EUR;Stock;Ordinary Shares;Euronext Paris;FR0000121667;20, Health Care;2010, Health Care;201020, Medical Equipment and Services;20102015, Medical Supplies;19.2;6.0;14.0;99406210000.0;14.0384;0.6;0.39;;;0.429;2149000.0;;Essilorluxottica Sa;FR0000121667;EL;Euronext Paris;France;84751068.4;84751068.4;403928.0;3.4;6.3;6.2;EUR;CAC_40;ESSILORLUXOTTICA SA;EL
EUROFINS SCIENT.;EUR;Stock;Ordinary Shares;Euronext Paris;FR0014000MR3;20, Health Care;2010, Health Care;201020, Medical Equipment and Services;20102020, Medical Services;;4.0;8.0;12331750000.0;34.143914;0.57;0.21;;;0.5;742007.0;;Eurofins Scientific Se;FR0014000MR3;ERFSF;Euronext Paris;France;25411233.3;25411233.3;432940.0;4.3;6.2;7.8;EUR;CAC_40;EUROFINS SCIENTIFIC SE;ERFSF
HERMES INTL;EUR;Stock;Ordinary Shares;Euronext Paris;FR0000052292;40, Consumer Discretionary;4020, Consumer Products and Services;402040, Personal Goods;40204020, Clothing and Accessories;21.0;7.0;14.0;263646930000.00003;;0.67;0.4;;0.069;0.5;209100.0;;Hermes International Sca;FR0000052292;RMS;Euronext Paris;France;131245341.5;131245341.5;55310.0;18.6;31.3;32.7;EUR;CAC_40;HERMES INTERNATIONAL SCA;RMS
KERING;EUR;Stock;Ordinary Shares;Euronext Paris;FR0000121485;40, Consumer Discretionary;4020, Consumer Products and Services;402040, Personal Goods;40204020, Clothing and Accessories;13.1;7.0;11.0;44893990000.0;42.4362;0.63;0.42;0.142;0.015;0.636;351130.0;;Kering Sa;FR0000121485;KER;Euronext Paris;France;91962509.5;91962509.5;250449.0;7.9;20.0;13.3;EUR;CAC_40;KERING SA;KER
L'OREAL;EUR;Stock;Ordinary Shares;Euronext Paris;FR0000120321;40, Consumer Discretionary;4020, Consumer Products and Services;402040, Personal Goods;40204035, Cosmetics;36.7;7.0;16.0;242280100000.0;49.284200000000006;0.68;0.32;0.007;0.019;0.438;935591.0;;L'Oreal Sa;FR0000120321;OR;Euronext Paris;France;137161252.3;137161252.3;312490.0;10.3;22.0;21.1;EUR;CAC_40;L'OREAL SA;OR
LEGRAND;EUR;Stock;Ordinary Shares;Euronext Paris;FR0010307819;50, Industrials;5020, Industrial Goods and Services;502020, Electronic and Electrical Equipment;50202010, Electrical Components;22.0;6.0;14.0;27149110000.0;468.1464;;0.25;;0.024;0.429;384000.0;0.066;Legrand Sa;FR0010307819;LR;Euronext Paris;France;63082556.22;63082556.22;642073.0;6.6;17.2;12.7;EUR;CAC_40;LEGRAND SA;LR
LVMH;EUR;Stock;Ordinary Shares;Euronext Paris;FR0000121014;40, Consumer Discretionary;4020, Consumer Products and Services;402040, Personal Goods;40204020, Clothing and Accessories;;7.0;16.0;428608830000.0;2.0116;0.71;;;0.016;0.438;1939763.0;0.165;Lvmh Moet Hennessy Louis Vuitton Se;FR0000121014;MC;Euronext Paris;France;381303740.3;381303740.3;456534.0;10.2;26.7;21.0;EUR;CAC_40;LVMH MOET HENNESSY LOUIS VUITTON SE;MC
MICHELIN;EUR;Stock;Ordinary Shares;Euronext Paris;FR001400AJ45;40, Consumer Discretionary;4010, Automobiles and Parts;401010, Automobiles and Parts;40101015, Tires;41.0;5.0;11.0;26713620000.0;;0.199;0.445;;0.069;0.455;10844175.342;0.054;Compagnie Generale Des Etablissements Michelin Sca;FR001400AJ45;ML;Euronext Paris;France;45002654.45;45002654.45;1265128.0;5.9;11.3;13.5;EUR;CAC_40;COMPAGNIE GENERALE DES ETABLISSEMENTS MICHELIN SCA;ML
ORANGE;EUR;Stock;Ordinary Shares;Euronext Paris;FR0000133308;15, Telecommunications;1510, Telecommunications;151020, Telecommunications Service Providers;15102015, Telecommunications Services;21.1;6.0;15.0;30270300000.0;0.0;0.362;0.341;0.012;0.07;0.4;10620414.0;0.043;Orange Sa;FR0000133308;ORA;Euronext Paris;France;58217811.59;58217811.59;5348634.0;3.2;8.3;7.0;EUR;CAC_40;ORANGE SA;ORA
PERNOD RICARD;EUR;Stock;Ordinary Shares;Euronext Paris;FR0000120693;45, Consumer Staples;4510, Food, Beverage and Tobacco;451010, Beverages;45101015, Distillers and Vintners;22.47;8.0;14.0;39291470000.0;81.447116;0.4;0.353;0.013;0.035;0.571;1635242.0;0.085;Pernod Ricard Sa;FR0000120693;RI;Euronext Paris;France;64452106.75;64452106.75;428614.0;5.1;12.2;9.1;EUR;CAC_40;PERNOD RICARD SA;RI
PUBLICIS GROUPE SA;EUR;Stock;Ordinary Shares;Euronext Paris;FR0000130577;40, Consumer Discretionary;4030, Media;403010, Media;40301020, Media Agencies;21.0;5.0;13.0;27524680000.0;11.3955;0.513;0.425;;0.015;0.385;111864.0;;Publicis Groupe Sa;FR0000130577;PUB;Euronext Paris;France;37795979.06;37795979.06;374471.0;3.8;13.7;14.3;EUR;CAC_40;PUBLICIS GROUPE SA;PUB
RENAULT;EUR;Stock;Ordinary Shares;Euronext Paris;FR0000131906;40, Consumer Discretionary;4010, Automobiles and Parts;401010, Automobiles and Parts;40101020, Automobiles;22.4;5.0;16.0;15321330000.0;1273.5033;0.22;0.356;0.0;0.032;0.313;3884241.0;;Renault Sa;FR0000131906;RNO;Euronext Paris;France;41906035.435;41906035.435;895026.0;2.1;7.7;4.1;EUR;CAC_40;RENAULT SA;RNO
SAFRAN;EUR;Stock;Ordinary Shares;Euronext Paris;FR0000073272;50, Industrials;5020, Industrial Goods and Services;502010, Aerospace and Defense;50201010, Aerospace;31.0;7.0;16.0;95182920000.0;0.0;0.293;0.263;;0.052;0.438;2143484.0;0.077;Safran Sa;FR0000073272;SAF;Euronext Paris;France;124395252.8;124395252.8;591624.0;4.1;30.7;16.1;EUR;CAC_40;SAFRAN SA;SAF
SAINT GOBAIN;EUR;Stock;Ordinary Shares;Euronext Paris;FR0000125007;50, Industrials;5010, Construction and Materials;501010, Construction and Materials;50101035, Building Materials: Other;17.2;7.0;14.0;38616300000.0;867.6416;0.237;0.375;0.009;0.019;0.5;41854000.0;0.086;Compagnie De Saint Gobain Sa;FR0000125007;SGO;Euronext Paris;France;71453100.35;71453100.35;993304.0;5.6;11.7;12.5;EUR;CAC_40;COMPAGNIE DE SAINT GOBAIN SA;SGO
SANOFI;EUR;Stock;Ordinary Shares;Euronext Paris;FR0000120578;20, Health Care;2010, Health Care;201030, Pharmaceuticals and Biotechnology;20103015, Pharmaceuticals;;;;115493660000.0;;;;;;;;;Sanofi Sa;FR0000120578;SAN;Euronext Paris;France;167539014.59;167539014.59;1839942.0;4.5;7.3;9.7;EUR;CAC_40;SANOFI SA;SAN
SCHNEIDER ELECTRIC SE;EUR;Stock;Ordinary Shares;Euronext Paris;FR0000121972;50, Industrials;5020, Industrial Goods and Services;502020, Electronic and Electrical Equipment;50202010, Electrical Components;24.1;7.0;14.0;132210270000.00002;763.2417;0.33;0.41;0.03;;0.5;1201276.0;0.085;Schneider Electric Se;FR0000121972;SU;Euronext Paris;France;170063754.75;170063754.75;810844.0;6.3;15.7;13.8;EUR;CAC_40;SCHNEIDER ELECTRIC SE;SU
SOCIETE GENERALE;EUR;Stock;Ordinary Shares;Euronext Paris;FR0000130809;30, Financials;3010, Banks;301010, Banks;30101010, Banks;;7.0;15.0;21182790000.0;;;;;;0.467;454210.0;;Societe Generale Sa;FR0000130809;GLE;Euronext Paris;France;114832949.385;114832949.385;4643755.0;0.2;4.6;;EUR;CAC_40;SOCIETE GENERALE SA;GLE
STELLANTIS NV;EUR;Stock;Ordinary Shares;Euronext Paris;NL00150001Q9;40, Consumer Discretionary;4010, Automobiles and Parts;401010, Automobiles and Parts;40101020, Automobiles;;3.0;11.0;82315100000.0;6858.244394;;;;;0.273;15494891.0;;Stellantis Nv;NL00150001Q9;STLAP;Euronext Paris;Netherlands;74803134.41;74803134.41;2825395.0;7.4;24.1;19.7;EUR;CAC_40;STELLANTIS NV;STLAP
STELLANTIS NV;EUR;Stock;Ordinary Shares;Euronext Paris;NL00150001Q9;40, Consumer Discretionary;4010, Automobiles and Parts;401010, Automobiles and Parts;40101020, Automobiles;;3.0;11.0;82315100000.0;6858.244394;;;;;0.273;15494891.0;;Stellantis Nv;NL00150001Q9;STLA;Bosa Milano;Netherlands;196733513.13;196733513.13;7440740.0;7.4;24.1;19.7;EUR;MIB;STELLANTIS NV;STLA
STMICROELECTRONICS;EUR;Stock;Ordinary Shares;Euronext Paris;NL0000226223;10, Technology;1010, Technology;101020, Technology Hardware and Equipment;10102010, Semiconductors;;4.0;9.0;36780180000.0;27.9849;;;;;0.444;2878880.081;;Stmicroelectronics Nv;NL0000226223;STM;Euronext Paris;Netherlands;53411712.575;53411712.575;1334676.0;13.0;28.5;23.0;EUR;CAC_40;STMICROELECTRONICS NV;STM
STMICROELECTRONICS;EUR;Stock;Ordinary Shares;Euronext Paris;NL0000226223;10, Technology;1010, Technology;101020, Technology Hardware and Equipment;10102010, Semiconductors;;4.0;9.0;36780180000.0;27.9849;;;;;0.444;2878880.081;;Stmicroelectronics Nv;NL0000226223;STM;Euronext Paris;Netherlands;53411712.575;53411712.575;1334676.0;13.0;28.5;23.0;EUR;CAC_40;STMICROELECTRONICS NV;STM
STMICROELECTRONICS;EUR;Stock;Ordinary Shares;Euronext Paris;NL0000226223;10, Technology;1010, Technology;101020, Technology Hardware and Equipment;10102010, Semiconductors;;4.0;9.0;36780180000.0;27.9849;;;;;0.444;2878880.081;;Stmicroelectronics Nv;NL0000226223;STM;Euronext Paris;Netherlands;53411712.575;53411712.575;1334676.0;13.0;28.5;23.0;EUR;MIB;STMICROELECTRONICS NV;STM
STMICROELECTRONICS;EUR;Stock;Ordinary Shares;Euronext Paris;NL0000226223;10, Technology;1010, Technology;101020, Technology Hardware and Equipment;10102010, Semiconductors;;4.0;9.0;36780180000.0;27.9849;;;;;0.444;2878880.081;;Stmicroelectronics Nv;NL0000226223;STM;Euronext Paris;Netherlands;53411712.575;53411712.575;1334676.0;13.0;28.5;23.0;EUR;MIB;STMICROELECTRONICS NV;STM
STMICROELECTRONICS;EUR;Stock;Ordinary Shares;Euronext Paris;NL0000226223;10, Technology;1010, Technology;101020, Technology Hardware and Equipment;10102010, Semiconductors;;4.0;9.0;36780180000.0;27.9849;;;;;0.444;2878880.081;;Stmicroelectronics Nv;NL0000226223;STM;Euronext Paris;Netherlands;83107070.94;83107070.94;2072125.0;13.0;28.5;23.0;EUR;CAC_40;STMICROELECTRONICS NV;STM
STMICROELECTRONICS;EUR;Stock;Ordinary Shares;Euronext Paris;NL0000226223;10, Technology;1010, Technology;101020, Technology Hardware and Equipment;10102010, Semiconductors;;4.0;9.0;36780180000.0;27.9849;;;;;0.444;2878880.081;;Stmicroelectronics Nv;NL0000226223;STM;Euronext Paris;Netherlands;83107070.94;83107070.94;2072125.0;13.0;28.5;23.0;EUR;CAC_40;STMICROELECTRONICS NV;STM
STMICROELECTRONICS;EUR;Stock;Ordinary Shares;Euronext Paris;NL0000226223;10, Technology;1010, Technology;101020, Technology Hardware and Equipment;10102010, Semiconductors;;4.0;9.0;36780180000.0;27.9849;;;;;0.444;2878880.081;;Stmicroelectronics Nv;NL0000226223;STM;Euronext Paris;Netherlands;83107070.94;83107070.94;2072125.0;13.0;28.5;23.0;EUR;MIB;STMICROELECTRONICS NV;STM
STMICROELECTRONICS;EUR;Stock;Ordinary Shares;Euronext Paris;NL0000226223;10, Technology;1010, Technology;101020, Technology Hardware and Equipment;10102010, Semiconductors;;4.0;9.0;36780180000.0;27.9849;;;;;0.444;2878880.081;;Stmicroelectronics Nv;NL0000226223;STM;Euronext Paris;Netherlands;83107070.94;83107070.94;2072125.0;13.0;28.5;23.0;EUR;MIB;STMICROELECTRONICS NV;STM
STMICROELECTRONICS;EUR;Stock;Ordinary Shares;Euronext Paris;NL0000226223;10, Technology;1010, Technology;101020, Technology Hardware and Equipment;10102010, Semiconductors;;4.0;9.0;36780180000.0;27.9849;;;;;0.444;2878880.081;;Stmicroelectronics Nv;NL0000226223;STM;Bosa Milano;Netherlands;53411712.575;53411712.575;1334676.0;12.8;25.9;23.2;EUR;CAC_40;STMICROELECTRONICS NV;STM
STMICROELECTRONICS;EUR;Stock;Ordinary Shares;Euronext Paris;NL0000226223;10, Technology;1010, Technology;101020, Technology Hardware and Equipment;10102010, Semiconductors;;4.0;9.0;36780180000.0;27.9849;;;;;0.444;2878880.081;;Stmicroelectronics Nv;NL0000226223;STM;Bosa Milano;Netherlands;53411712.575;53411712.575;1334676.0;12.8;25.9;23.2;EUR;CAC_40;STMICROELECTRONICS NV;STM
STMICROELECTRONICS;EUR;Stock;Ordinary Shares;Euronext Paris;NL0000226223;10, Technology;1010, Technology;101020, Technology Hardware and Equipment;10102010, Semiconductors;;4.0;9.0;36780180000.0;27.9849;;;;;0.444;2878880.081;;Stmicroelectronics Nv;NL0000226223;STM;Bosa Milano;Netherlands;53411712.575;53411712.575;1334676.0;12.8;25.9;23.2;EUR;MIB;STMICROELECTRONICS NV;STM
STMICROELECTRONICS;EUR;Stock;Ordinary Shares;Euronext Paris;NL0000226223;10, Technology;1010, Technology;101020, Technology Hardware and Equipment;10102010, Semiconductors;;4.0;9.0;36780180000.0;27.9849;;;;;0.444;2878880.081;;Stmicroelectronics Nv;NL0000226223;STM;Bosa Milano;Netherlands;53411712.575;53411712.575;1334676.0;12.8;25.9;23.2;EUR;MIB;STMICROELECTRONICS NV;STM
STMICROELECTRONICS;EUR;Stock;Ordinary Shares;Euronext Paris;NL0000226223;10, Technology;1010, Technology;101020, Technology Hardware and Equipment;10102010, Semiconductors;;4.0;9.0;36780180000.0;27.9849;;;;;0.444;2878880.081;;Stmicroelectronics Nv;NL0000226223;STM;Bosa Milano;Netherlands;83107070.94;83107070.94;2072125.0;12.8;25.9;23.2;EUR;CAC_40;STMICROELECTRONICS NV;STM
STMICROELECTRONICS;EUR;Stock;Ordinary Shares;Euronext Paris;NL0000226223;10, Technology;1010, Technology;101020, Technology Hardware and Equipment;10102010, Semiconductors;;4.0;9.0;36780180000.0;27.9849;;;;;0.444;2878880.081;;Stmicroelectronics Nv;NL0000226223;STM;Bosa Milano;Netherlands;83107070.94;83107070.94;2072125.0;12.8;25.9;23.2;EUR;CAC_40;STMICROELECTRONICS NV;STM
STMICROELECTRONICS;EUR;Stock;Ordinary Shares;Euronext Paris;NL0000226223;10, Technology;1010, Technology;101020, Technology Hardware and Equipment;10102010, Semiconductors;;4.0;9.0;36780180000.0;27.9849;;;;;0.444;2878880.081;;Stmicroelectronics Nv;NL0000226223;STM;Bosa Milano;Netherlands;83107070.94;83107070.94;2072125.0;12.8;25.9;23.2;EUR;MIB;STMICROELECTRONICS NV;STM
STMICROELECTRONICS;EUR;Stock;Ordinary Shares;Euronext Paris;NL0000226223;10, Technology;1010, Technology;101020, Technology Hardware and Equipment;10102010, Semiconductors;;4.0;9.0;36780180000.0;27.9849;;;;;0.444;2878880.081;;Stmicroelectronics Nv;NL0000226223;STM;Bosa Milano;Netherlands;83107070.94;83107070.94;2072125.0;12.8;25.9;23.2;EUR;MIB;STMICROELECTRONICS NV;STM
TELEPERFORMANCE;EUR;Stock;Ordinary Shares;Euronext Paris;FR0000051807;50, Industrials;5020, Industrial Goods and Services;502050, Industrial Support Services;50205020, Professional Business Support Services;;7.0;16.0;5892490000.0;25.5623;;;;;0.438;317975.0;;Teleperformance Se;FR0000051807;TEP;Euronext Paris;France;23447528.96;23447528.96;259955.0;6.3;15.2;10.5;EUR;CAC_40;TELEPERFORMANCE SE;TEP
THALES;EUR;Stock;Ordinary Shares;Euronext Paris;FR0000121329;50, Industrials;5020, Industrial Goods and Services;502010, Aerospace and Defense;50201020, Defense;;;;34986860000.0;;;;;;;;;Thales;FR0000121329;HO;Euronext Paris;France;40615927.4;40615927.4;256651.0;2.7;12.9;10.0;EUR;CAC_40;THALES;HO
TOTALENERGIES;EUR;Stock;Ordinary Shares;Euronext Paris;FR0000120271;60, Energy;6010, Energy;601010, Oil, Gas and Coal;60101000, Integrated Oil and Gas;48.64;6.0;14.0;171981100000.0;1880.7629;0.363;0.275;;0.06;0.429;167000000.0;0.091;Totalenergies Se;FR0000120271;TTE;Euronext Paris;France;219069789.68;219069789.68;3452878.0;5.8;7.8;11.6;EUR;CAC_40;TOTALENERGIES SE;TTE
UNIBAIL-RODAMCO-WESTFIELD;EUR;Stock;Ordinary Shares;Euronext Paris;FR0013326246;35, Real Estate;3510, Real Estate;351020, Real Estate Investment Trusts;35102045, Retail REITs;19.0;6.0;10.0;11050960000.0;80.6352;0.542;0.167;0.043;0.008;0.6;592834.0;0.094;Unibail-Rodamco-We;FR0013326246;URW;Euronext Paris;France;24218467.7;24218467.7;324959.0;1.7;8.1;2.8;EUR;CAC_40;UNIBAIL-RODAMCO-WE;URW
VEOLIA ENVIRON.;EUR;Stock;Ordinary Shares;Euronext Paris;FR0000124141;65, Utilities;6510, Utilities;651020, Gas, Water and Multi-utilities;65102030, Water;26.0;7.0;13.0;22199290000.0;1396.880613;0.223;0.222;;0.024;0.538;122000000.0;0.086;Veolia Environnement Sa;FR0000124141;VIE;Euronext Paris;France;48897763.4;48897763.4;1620647.0;2.4;2.0;6.2;EUR;CAC_40;VEOLIA ENVIRONNEMENT SA;VIE
VINCI;EUR;Stock;Ordinary Shares;Euronext Paris;FR0000125486;50, Industrials;5010, Construction and Materials;501010, Construction and Materials;50101010, Construction;21.5;6.0;14.0;71348670000.0;468.4781;0.168;0.195;;0.018;0.429;10686843.0;0.104;Vinci Sa;FR0000125486;DG;Euronext Paris;France;104749142.86;104749142.86;880474.0;4.4;16.6;11.3;EUR;CAC_40;VINCI SA;DG
VIVENDI SE;EUR;Stock;Ordinary Shares;Euronext Paris;FR0000127771;40, Consumer Discretionary;4030, Media;403010, Media;40301035, Radio and TV Broadcasters;10.9;7.0;13.0;10878690000.0;10.645216;0.54;0.38;;0.01;0.538;155136.0;0.52;Vivendi Se;FR0000127771;VIV;Euronext Paris;France;24219937.818;24219937.818;2403662.0;1.2;2.8;2.5;EUR;CAC_40;VIVENDI SE;VIV
ABN AMRO BANK N.V.;EUR;Stock;Cooperative Investment Certificate;Euronext Amsterdam;NL0011540547;30, Financials;3010, Banks;301010, Banks;30101010, Banks;;;;8107390000.0;;;;;;;;;Abn Amro Bank N.V.;NL0011540547;ABN;Euronext Amsterdam;Netherlands;54608508.39;54608508.39;3452415.0;0.7;11.5;;EUR;AEX;ABN AMRO BANK N.V.;ABN
ADYEN;EUR;Stock;Ordinary Shares;Euronext Amsterdam;NL0012969182;50, Industrials;5020, Industrial Goods and Services;502050, Industrial Support Services;50205015, Transaction Processing Services;;2.0;5.0;47949910000.0;1.5515;0.38;0.27;;;0.4;;;Adyen;NL0012969182;ADYEN;Euronext Amsterdam;Netherlands;105391737.8;105391737.8;67100.0;5.0;21.0;20.2;EUR;AEX;ADYEN;ADYEN
AEGON;EUR;Stock;Ordinary Shares;Euronext Amsterdam;BMG0112X1056;30, Financials;3030, Insurance;303010, Life Insurance;30301010, Life Insurance;;4.0;9.0;10854080000.0;1.4017000000000002;0.51;0.38;;;0.444;40744.0;0.1;Aegon;BMG0112X1056;AGN;Euronext Amsterdam;Netherlands;30288814.74;30288814.74;5358599.0;;;;EUR;AEX;AEGON;AGN
KONINKLIJKE AHOLD DELHAIZE N.V.;EUR;Stock;Ordinary Shares;Euronext Amsterdam;NL0011794037;45, Consumer Staples;4520, Personal Care, Drug and Grocery Stores;452010, Personal Care, Drug and Grocery Stores;45201010, Food Retailers and Wholesalers;;4.0;9.0;27406980000.0;0.0;0.52;0.25;;;0.444;6812000.0;;Ahold Del;NL0011794037;AD;Euronext Amsterdam;Netherlands;51052231.64;51052231.64;1842762.0;4.4;12.4;10.1;EUR;AEX;AHOLD DEL;AD
AKZO NOBEL;EUR;Stock;Ordinary Shares;Euronext Amsterdam;NL0013267909;55, Basic Materials;5520, Chemicals;552010, Chemicals;55201020, Specialty Chemicals;2.5;3.0;8.0;12102770000.0;;0.27;;;;0.375;1644445.76;0.07;Akzo Nobel;NL0013267909;AKZA;Euronext Amsterdam;Netherlands;22301447.72;22301447.72;321731.0;4.5;10.7;10.0;EUR;AEX;AKZO NOBEL;AKZA
ARCELORMITTAL SA;EUR;Stock;Ordinary Shares;Euronext Amsterdam;LU1598757687;55, Basic Materials;5510, Basic Resources;551020, Industrial Metals and Mining;55102010, Iron and Steel;;3.0;10.0;21754170000.0;3373.201;;0.157;;;0.3;386666976.0;;Arcelormittal Sa;LU1598757687;MT;Euronext Amsterdam;Luxembourg;44321308.065;44321308.065;1738641.0;2.1;1.8;4.5;EUR;CAC_40;ARCELORMITTAL SA;MT
ARCELORMITTAL SA;EUR;Stock;Ordinary Shares;Euronext Amsterdam;LU1598757687;55, Basic Materials;5510, Basic Resources;551020, Industrial Metals and Mining;55102010, Iron and Steel;;3.0;10.0;21754170000.0;3373.201;;0.157;;;0.3;386666976.0;;Arcelormittal Sa;LU1598757687;MT;Euronext Amsterdam;Luxembourg;44321308.065;44321308.065;1738641.0;2.1;1.8;4.5;EUR;CAC_40;ARCELORMITTAL SA;MT
ARCELORMITTAL SA;EUR;Stock;Ordinary Shares;Euronext Amsterdam;LU1598757687;55, Basic Materials;5510, Basic Resources;551020, Industrial Metals and Mining;55102010, Iron and Steel;;3.0;10.0;21754170000.0;3373.201;;0.157;;;0.3;386666976.0;;Arcelormittal Sa;LU1598757687;MT;Euronext Amsterdam;Luxembourg;44321308.065;44321308.065;1738641.0;2.1;1.8;4.5;EUR;AEX;ARCELORMITTAL SA;MT
ARCELORMITTAL SA;EUR;Stock;Ordinary Shares;Euronext Amsterdam;LU1598757687;55, Basic Materials;5510, Basic Resources;551020, Industrial Metals and Mining;55102010, Iron and Steel;;3.0;10.0;21754170000.0;3373.201;;0.157;;;0.3;386666976.0;;Arcelormittal Sa;LU1598757687;MT.S;Euronext Amsterdam;Luxembourg;44321308.065;44321308.065;1738641.0;2.1;1.8;4.5;EUR;AEX;ARCELORMITTAL SA;MT.S
ASM International N.V.;EUR;Stock;Ordinary Shares;Euronext Amsterdam;NL0000334118;10, Technology;1010, Technology;101020, Technology Hardware and Equipment;10102020, Production Technology Equipment;;3.0;6.0;29046220000.0;0.0;0.17;;0.02;;0.5;87370.0;0.062;Asm International;NL0000334118;ASM;Euronext Amsterdam;Netherlands;75407234.7;75407234.7;132724.0;;;;EUR;AEX;ASM INTERNATIONAL;ASM
ASML HOLDING;EUR;Stock;Ordinary Shares;Euronext Amsterdam;NL0010273215;10, Technology;1010, Technology;101020, Technology Hardware and Equipment;10102020, Production Technology Equipment;60.0;4.0;9.0;358163240000.0;57.618109;0.2;;;;0.444;480278.162;;Asml Holding;NL0010273215;ASML;Euronext Amsterdam;Netherlands;476268374.9;476268374.9;532794.0;14.8;70.4;48.7;EUR;AEX;ASML HOLDING;ASML
ASR NEDERLAND;EUR;Stock;Ordinary Shares;Euronext Amsterdam;NL0011872643;30, Financials;3030, Insurance;303020, Non-life Insurance;30302010, Full Line Insurance;;;;10297680000.0;;;;;;;;;Asr Nederland;NL0011872643;ASRNL;Euronext Amsterdam;Netherlands;30018025.88;30018025.88;663046.0;2.4;13.5;12.7;EUR;AEX;ASR NEDERLAND;ASRNL
BE Semiconductor Industries N.V.;EUR;Stock;Ordinary Shares;Euronext Amsterdam;NL0012866412;10, Technology;1010, Technology;101020, Technology Hardware and Equipment;10102010, Semiconductors;31.0;2.0;5.0;12042850000.0;1.4017000000000002;0.17;0.17;;;0.4;22000.0;;Be Semiconductor;NL0012866412;BESI;Euronext Amsterdam;Netherlands;74758202.05;74758202.05;526172.0;13.1;33.7;28.3;EUR;AEX;BE SEMICONDUCTOR;BESI
DSM FIRMENICH AG;EUR;Stock;Ordinary Shares;Euronext Amsterdam;CH1216478797;45, Consumer Staples;4510, Food, Beverage and Tobacco;451020, Food Producers;45102020, Food Products;;4.0;12.0;29024820000.0;;0.37;0.333;;;0.333;;0.036;Dsm Firmenich Ag;CH1216478797;DSMR;Euronext Amsterdam;Switzerland;44900125.58;44900125.58;425698.0;;;;EUR;AEX;DSM FIRMENICH AG;DSMR
EXOR;EUR;Stock;Ordinary Shares;Euronext Amsterdam;NL0012059018;30, Financials;3020, Financial Services;302020, Investment Banking and Brokerage Services;30202000, Diversified Financial Services;;3.0;9.0;24023640000.0;0.030174;0.5;0.5;;;0.333;;;Exor Nv;NL0012059018;EXO;Euronext Amsterdam;Netherlands;15917681.45;15917681.45;154591.0;3.2;21.2;7.1;EUR;AEX;EXOR NV;EXO
HEINEKEN;EUR;Stock;Ordinary Shares;Euronext Amsterdam;NL0000009165;45, Consumer Staples;4510, Food, Beverage and Tobacco;451010, Beverages;45101010, Brewers;6.24;4.0;9.0;54372050000.0;224.93754;0.24;0.28;;;0.444;7009000.0;;Heineken;NL0000009165;HEIA;Euronext Amsterdam;Netherlands;41709706.28;41709706.28;465982.0;4.7;10.8;9.3;EUR;AEX;HEINEKEN;HEIA
IMCD;EUR;Stock;Ordinary Shares;Euronext Amsterdam;NL0010801007;55, Basic Materials;5520, Chemicals;552010, Chemicals;55201020, Specialty Chemicals;14.0;2.0;5.0;9329330000.0;38.8624;0.54;0.14;;;0.4;35607.251;;Imcd;NL0010801007;IMCD;Euronext Amsterdam;Netherlands;23081484.45;23081484.45;141116.0;6.9;17.2;12.2;EUR;AEX;IMCD;IMCD
ING GROEP N.V.;EUR;Stock;Ordinary Shares;Euronext Amsterdam;NL0011821202;30, Financials;3010, Banks;301010, Banks;30101010, Banks;;3.0;9.0;53380160000.0;;;0.333;;;0.333;;;Ing Groep N.V.;NL0011821202;INGA;Euronext Amsterdam;Netherlands;209567441.772;209567441.772;13778374.0;0.4;7.8;;EUR;AEX;ING GROEP N.V.;INGA
KPN KON;EUR;Stock;Ordinary Shares;Euronext Amsterdam;NL0000009082;15, Telecommunications;1510, Telecommunications;151020, Telecommunications Service Providers;15102015, Telecommunications Services;37.2;4.0;8.0;14356190000.0;48.42445500000001;0.221;;0.022;;0.5;565556008.0;;Kpn Kon;NL0000009082;TKWY;Euronext Amsterdam;Netherlands;34830780.088;34830780.088;10044911.0;7.0;23.0;12.9;EUR;AEX;KPN KON;TKWY
NN GROUP;EUR;Stock;Ordinary Shares;Euronext Amsterdam;NL0010773842;30, Financials;3030, Insurance;303010, Life Insurance;30301010, Life Insurance;;3.0;7.0;13042230000.0;0.3959;0.5;0.4;0.28;;0.429;33000.0;;Nn Group;NL0010773842;NN;Euronext Amsterdam;Netherlands;36140975.95;36140975.95;844844.0;0.8;6.1;7.4;EUR;AEX;NN GROUP;NN
KON.PHILIPS N.V.;EUR;Stock;Ordinary Shares;Euronext Amsterdam;NL0000009538;20, Health Care;2010, Health Care;201020, Medical Equipment and Services;20102010, Medical Equipment;;;;18415770000.0;;;;;;;;;Philips Kon;NL0000009538;PHIA;Euronext Amsterdam;Netherlands;38704542.494;38704542.494;2077535.0;0.9;;2.1;EUR;AEX;PHILIPS KON;PHIA
PROSUS;EUR;Stock;Ordinary Shares;Euronext Amsterdam;NL0013654783;10, Technology;1010, Technology;101010, Software and Computer Services;10101020, Consumer Digital Services;;6.0;16.0;79191770000.0;0.2568;0.429;;;;0.375;94795.0;;Prosus;NL0013654783;PRX;Euronext Amsterdam;Netherlands;111995463.375;111995463.375;3854732.0;;26.0;;EUR;AEX;PROSUS;PRX
Randstad N.V.;EUR;Stock;Ordinary Shares;Euronext Amsterdam;NL0000379121;50, Industrials;5020, Industrial Goods and Services;502050, Industrial Support Services;50205025, Business Training and Employment Agencies;18.6;3.0;7.0;9349660000.0;21.701205;0.67;0.23;;0.281;0.429;;;Randstad Nv;NL0000379121;RAND;Euronext Amsterdam;Netherlands;42584794.21;42584794.21;866020.0;5.0;13.0;14.8;EUR;AEX;RANDSTAD NV;RAND
RELX;EUR;Stock;Ordinary Shares;Euronext Amsterdam;GB00B2B0DG97;40, Consumer Discretionary;4030, Media;403010, Media;40301030, Publishing;13.86;4.0;10.0;79541660000.0;1.063125;0.5;0.31;;;0.4;110750.0;0.084;Relx;GB00B2B0DG97;REN;Euronext Amsterdam;United Kingdom;27024971.09;27024971.09;672137.0;10.7;49.7;25.3;EUR;AEX;RELX;REN
SHELL PLC;EUR;Stock;Ordinary Shares;Euronext Amsterdam;GB00BP6MXD84;60, Energy;6010, Energy;601010, Oil, Gas and Coal;60101000, Integrated Oil and Gas;;6.0;11.0;233577790000.0;4267.5616;0.33;0.304;0.207;;0.545;199000000.0;0.05;Shell Plc;GB00BP6MXD84;SHEL;Euronext Amsterdam;United Kingdom;194146348.41;194146348.41;6270881.0;5.2;10.3;12.4;EUR;AEX;SHELL PLC;SHEL
UNIVERSAL MUSIC GROUP;EUR;Stock;Ordinary Shares;Euronext Amsterdam;NL0015000IY2;40, Consumer Discretionary;4030, Media;403010, Media;40301010, Entertainment;;;;52633300000.0;;;;;;;;;Umg;NL0015000IY2;UMG;Euronext Amsterdam;Netherlands;46643851.91;46643851.91;1677151.0;;;;EUR;AEX;UMG;UMG
UNILEVER PLC;EUR;Stock;Ordinary Shares;Euronext Amsterdam;GB00B10RZP78;45, Consumer Staples;4520, Personal Care, Drug and Grocery Stores;452010, Personal Care, Drug and Grocery Stores;45201020, Personal Products;;5.0;13.0;124696730000.0;0.0;0.36;0.23;;;0.385;;;Unilever;GB00B10RZP78;UNA;Euronext Amsterdam;United Kingdom;50160538.405;50160538.405;1078663.0;8.2;33.6;18.5;EUR;AEX;UNILEVER;UNA
WOLTERS KLUWER;EUR;Stock;Ordinary Shares;Euronext Amsterdam;NL0000395903;40, Consumer Discretionary;4030, Media;403010, Media;40301030, Publishing;;;;37666140000.0;;;;;;;;;Wolters Kluwer;NL0000395903;WKL;Euronext Amsterdam;Netherlands;79024988.85;79024988.85;543875.0;8.8;49.6;27.0;EUR;AEX;WOLTERS KLUWER;WKL
AB INBEV;EUR;Stock;Ordinary Shares;Euronext Brussels;BE0974293251;45, Consumer Staples;4510, Food, Beverage and Tobacco;451010, Beverages;45101010, Brewers;;5.0;15.0;104149520000.0;142.249;0.22;0.28;;;0.333;15402790.1;;Ab Inbev;BE0974293251;BUD;Euronext Brussels;Belgium;83477074.78;83477074.78;1481372.0;4.2;7.8;7.9;EUR;BEL_20;AB INBEV;BUD
ACKERMANS V.HAAREN;EUR;Stock;Ordinary Shares;Euronext Brussels;BE0003764785;30, Financials;3020, Financial Services;302020, Investment Banking and Brokerage Services;30202000, Diversified Financial Services;;4.0;12.0;5709520000.0;0.0321;0.449;0.143;;;0.333;;;Ackermans V.Haaren;BE0003764785;ACKR;Euronext Brussels;Belgium;3150358.1;3150358.1;19515.0;1.8;8.2;5.8;EUR;BEL_20;ACKERMANS V.HAAREN;ACKR
AEDIFICA;EUR;Stock;Ordinary Shares;Euronext Brussels;BE0003851681;35, Real Estate;3510, Real Estate;351020, Real Estate Investment Trusts;35102010, Health Care REITs;20.2;5.0;12.0;2940360000.0;9.412255;0.372;0.2;0.19;;0.417;;;Aedifica;BE0003851681;AED;Euronext Brussels;Belgium;4395155.95;4395155.95;77300.0;2.7;0.7;4.4;EUR;BEL_20;AEDIFICA;AED
AGEAS;EUR;Stock;Ordinary Shares;Euronext Brussels;BE0974264930;30, Financials;3030, Insurance;303010, Life Insurance;30301010, Life Insurance;;;;8672350000.0;;;;;;;;;Ageas;BE0974264930;AGS;Euronext Brussels;Belgium;13835116.04;13835116.04;322424.0;2.4;12.5;24.5;EUR;BEL_20;AGEAS;AGS
ARGENX SE;EUR;Stock;Ordinary Shares;Euronext Brussels;NL0010832176;20, Health Care;2010, Health Care;201030, Pharmaceuticals and Biotechnology;20103010, Biotechnology;;3.0;9.0;21747750000.0;;0.63;0.39;;;0.333;;0.043;Argenx Se;NL0010832176;ARGX;Euronext Brussels;Netherlands;23499302.2;23499302.2;64086.0;;8.5;;EUR;BEL_20;ARGENX SE;ARGX
COFINIMMO;EUR;Stock;Ordinary Shares;Euronext Brussels;BE0003593044;35, Real Estate;3510, Real Estate;351020, Real Estate Investment Trusts;35102010, Health Care REITs;40.5;4.0;13.0;2449230000.0;9.63;0.53;0.4;;;0.308;260619.0;;Cofinimmo;BE0003593044;COFB;Euronext Brussels;Belgium;6296631.6;6296631.6;104283.0;2.6;;4.3;EUR;BEL_20;COFINIMMO;COFB
D'IETEREN GROUP;EUR;Stock;Ordinary Shares;Euronext Brussels;BE0974259880;40, Consumer Discretionary;4010, Automobiles and Parts;401010, Automobiles and Parts;40101010, Auto Services;33.9;3.0;10.0;11816010000.0;8.504788000000001;0.5;0.23;;;0.3;453.3;;D'Ieteren Group;BE0974259880;DIE;Euronext Brussels;Belgium;7432817.0;7432817.0;36074.0;3.5;15.3;7.0;EUR;BEL_20;D'IETEREN GROUP;DIE
ELIA GROUP;EUR;Stock;Ordinary Shares;Euronext Brussels;BE0003822393;65, Utilities;6510, Utilities;651010, Electricity;65101015, Conventional Electricity;18.46;4.0;14.0;7300610000.0;186.233607;0.229;0.229;;;0.286;;;Elia Group;BE0003822393;ELI;Euronext Brussels;Belgium;5229124.7;5229124.7;52228.0;2.3;7.1;4.7;EUR;BEL_20;ELIA GROUP;ELI
GALAPAGOS;EUR;Stock;Ordinary Shares;Euronext Amsterdam;BE0003818359;20, Health Care;2010, Health Care;201030, Pharmaceuticals and Biotechnology;20103010, Biotechnology;;3.0;9.0;1902460000.0;17.7513;0.56;0.43;;;0.333;18687.0;0.12;Galapagos;BE0003818359;GLPG;Euronext Amsterdam;Belgium;5547717.88;5547717.88;186732.0;;;;EUR;BEL_20;GALAPAGOS;GLPG
GBL;EUR;Stock;Ordinary Shares;Euronext Brussels;BE0003797140;30, Financials;3020, Financial Services;302020, Investment Banking and Brokerage Services;30202000, Diversified Financial Services;9.5;5.0;13.0;10964290000.0;140334.656094;0.71;0.25;;;0.385;;;Gbl;BE0003797140;GBLB;Euronext Brussels;Belgium;6641866.78;6641866.78;94769.0;;;;EUR;BEL_20;GBL;GBLB
KBC;EUR;Stock;Ordinary Shares;Euronext Brussels;BE0003565737;30, Financials;3010, Banks;301010, Banks;30101010, Banks;;6.0;16.0;31255770000.0;;0.57;0.14;;;0.375;;;Kbc;BE0003565737;KBC;Euronext Brussels;Belgium;36868732.04;36868732.04;530979.0;1.0;15.1;;EUR;BEL_20;KBC;KBC
LOTUS BAKERIES;EUR;Stock;Ordinary Shares;Euronext Brussels;BE0003604155;45, Consumer Staples;4510, Food, Beverage and Tobacco;451020, Food Producers;45102020, Food Products;15.0;3.0;10.0;7866640000.0;;0.51;0.44;;;0.3;184477.0;;Lotus Bakeries;BE0003604155;LOTB;Euronext Brussels;Belgium;8228330.0;8228330.0;922.0;9.2;21.1;17.0;EUR;BEL_20;LOTUS BAKERIES;LOTB
MELEXIS;EUR;Stock;Ordinary Shares;Euronext Brussels;BE0165385973;10, Technology;1010, Technology;101020, Technology Hardware and Equipment;10102010, Semiconductors;;;;3075180000.0;;;;;;;;;Melexis;BE0165385973;MELE;Euronext Brussels;Belgium;2081517.2;2081517.2;27687.0;22.6;40.5;35.6;EUR;BEL_20;MELEXIS;MELE
SOFINA;EUR;Stock;Ordinary Shares;Euronext Brussels;BE0003717312;30, Financials;3020, Financial Services;302020, Investment Banking and Brokerage Services;30202010, Asset Managers and Custodians;;;;7761780000.0;;;;;;;;;Sofina;BE0003717312;SOFI;Euronext Brussels;Belgium;5461537.4;5461537.4;26378.0;;;;EUR;BEL_20;SOFINA;SOFI
SOLVAY;EUR;Stock;Ordinary Shares;Euronext Brussels;BE0003470755;55, Basic Materials;5520, Chemicals;552010, Chemicals;55201000, Chemicals: Diversified;12.1;7.0;15.0;581604920.0;2835.035727;0.24;0.265;0.04;;0.467;35277806.0;;Solvay;BE0003470755;SOLB;Euronext Brussels;Belgium;7360660.18;7360660.18;292668.0;3.7;;22.7;EUR;BEL_20;SOLVAY;SOLB
SYENSQO;EUR;Stock;Ordinary Shares;Euronext Brussels;BE0974464977;55, Basic Materials;5510, Basic Resources;551010, Industrial Materials;55101000, Diversified Materials;;;;5797260000.0;;;;;;;;;Syensqo;BE0974464977;SYENS;Euronext Brussels;Belgium;17858595.85;17858595.85;203915.0;5.1;3.1;10.4;EUR;BEL_20;SYENSQO;SYENS
UCB;EUR;Stock;Ordinary Shares;Euronext Brussels;BE0003739530;20, Health Care;2010, Health Care;201030, Pharmaceuticals and Biotechnology;20103015, Pharmaceuticals;36.0;5.0;13.0;24974870000.0;5.912071;0.511;0.38;;;0.385;259055.763;0.054;Ucb;BE0003739530;UCB;Euronext Brussels;Belgium;29464937.4;29464937.4;257855.0;1.2;14.8;;EUR;BEL_20;UCB;UCB
UMICORE;EUR;Stock;Ordinary Shares;Euronext Brussels;BE0974320526;55, Basic Materials;5520, Chemicals;552010, Chemicals;55201020, Specialty Chemicals;46.6;4.0;10.0;5568280000.0;879.528016;0.234;0.137;;;0.4;2027779.4;0.065;Umicore;BE0974320526;UMI;Euronext Brussels;Belgium;9184805.78;9184805.78;459812.0;3.7;10.4;0.2;EUR;BEL_20;UMICORE;UMI
WAREHOUSES DE PAUW;EUR;Stock;Ordinary Shares;Euronext Brussels;BE0974349814;35, Real Estate;3510, Real Estate;351020, Real Estate Investment Trusts;35102020, Industrial REITs;23.55;2.0;6.0;5864670000.0;32.335507;0.43;0.0;0.014;;0.333;368487596.0;0.02;Wdp;BE0974349814;WDP;Euronext Brussels;Belgium;6229126.0;6229126.0;235634.0;2.7;0.6;4.4;EUR;BEL_20;WDP;WDP
ALTRI SGPS;EUR;Stock;Ordinary Shares;Euronext Lisbon;PTALT0AE0002;55, Basic Materials;5510, Basic Resources;551010, Industrial Materials;55101015, Paper;29.0;4.0;12.0;1081770000.0;281.28224200000005;0.18;0.24;;;0.333;4707447.377;;Altri;PTALT0AE0002;ALTR;Euronext Lisbon;Portugal;2550086.065;2550086.065;489919.0;2.9;8.2;5.8;EUR;PSI_20;ALTRI;ALTR
B.C.P.-BCO COMERCIAL PORTUGUES;EUR;Stock;Ordinary Shares;Euronext Lisbon;PTBCP0AM0015;30, Financials;3010, Banks;301010, Banks;30101010, Banks;45.0;4.0;17.0;5068590000.0;;0.55;0.25;;0.014;0.235;86666.736;;B.Com.Portugues;PTBCP0AM0015;BCP;Euronext Lisbon;Portugal;28721189.2075;28721189.2075;92462582.0;1.0;14.4;;EUR;PSI_20;B.COM.PORTUGUES;BCP
Corticeira Amorim-SGPS;EUR;Stock;Ordinary Shares;Euronext Lisbon;PTCOR0AE0006;50, Industrials;5020, Industrial Goods and Services;502030, General Industrials;50203030, Containers and Packaging;18.0;4.0;10.0;1379230000.0;179.590405;0.26;0.26;0.001;;0.4;504409.015;;Corticeira Amori;PTCOR0AE0006;COR;Euronext Lisbon;Portugal;353112.47;353112.47;35748.0;;13.1;12.0;EUR;PSI_20;CORTICEIRA AMORI;COR
CTT-CORREIOS DE PORTUGAL, SA;EUR;Stock;Ordinary Shares;Euronext Lisbon;PTCTT0AM0001;50, Industrials;5020, Industrial Goods and Services;502060, Industrial Transportation;50206040, Delivery Services;12.5;4.0;11.0;697570450.0;20.6938;0.39;0.399;0.01;0.023;0.364;100952025.206;;Ctt Correios Port;PTCTT0AM0001;CTT;Euronext Lisbon;Portugal;871324.55;871324.55;210149.0;1.1;25.3;8.6;EUR;PSI_20;CTT CORREIOS PORT;CTT
EDP;EUR;Stock;Ordinary Shares;Euronext Lisbon;PTEDP0AM0009;65, Utilities;6510, Utilities;651010, Electricity;65101010, Alternative Electricity;28.9;6.0;16.0;16304660000.0;301.6116;0.29;0.4;;0.0;0.375;20793905.524;0.058;Edp Energias De Portugal Sa;PTEDP0AM0009;EDP;Euronext Lisbon;Portugal;27912655.959;27912655.959;7733386.0;2.2;8.7;4.9;EUR;PSI_20;EDP ENERGIAS DE PORTUGAL SA;EDP
EDP RENOVAVEIS;EUR;Stock;Ordinary Shares;Euronext Lisbon;ES0127797019;65, Utilities;6510, Utilities;651010, Electricity;65101010, Alternative Electricity;29.0;5.0;12.0;14210670000.0;91.9023;0.34;0.0;;0.014;0.417;111243.422;0.142;Edp Renov√°veis, S.A.;ES0127797019;EDPR;Euronext Lisbon;Spain;15709321.69;15709321.69;1249744.0;0.7;4.0;1.4;EUR;PSI_20;EDP REN;EDPR
GALP ENERGIA-NOM;EUR;Stock;Ordinary Shares;Euronext Lisbon;PTGAL0AM0009;60, Energy;6010, Energy;601010, Oil, Gas and Coal;60101000, Integrated Oil and Gas;;5.0;18.0;12309280000.0;;0.45;0.25;0.19;;0.278;;;Galp Energia-Nom;PTGAL0AM0009;GALP;Euronext Lisbon;Portugal;16908786.085;16908786.085;1105692.0;10.8;27.8;23.3;EUR;PSI_20;GALP ENERGIA-NOM;GALP
GREENVOLT ENERGIAS RENOVAVEIS S.A.;EUR;Stock;Ordinary Shares;Euronext Lisbon;PTGNV0AM0001;65, Utilities;6510, Utilities;651010, Electricity;65101010, Alternative Electricity;;4.0;11.0;1236920000.0;33.420915;0.4;;;;0.364;2677468.531;;Greenvolt;PTGNV0AM0001;GVOLT;Euronext Lisbon;Portugal;2188055.085;2188055.085;268075.0;0.5;1.2;0.7;EUR;PSI_20;GREENVOLT;GVOLT
Ibersol-SGPS;EUR;Stock;Ordinary Shares;Euronext Lisbon;PTIBS0AM0008;40, Consumer Discretionary;4050, Travel and Leisure;405010, Travel and Leisure;40501040, Restaurants and Bars;;2.0;5.0;317273190.0;31.717475;0.53;;;;0.4;;;Ibersol,Sgps;PTIBS0AM0008;IBSL;Euronext Lisbon;Portugal;71778.74;71778.74;10674.0;3.1;6.3;5.6;EUR;PSI_20;IBERSOL;IBSL
J.MARTINS,SGPS;EUR;Stock;Ordinary Shares;Euronext Lisbon;PTJMT0AE0001;45, Consumer Staples;4520, Personal Care, Drug and Grocery Stores;452010, Personal Care, Drug and Grocery Stores;45201010, Food Retailers and Wholesalers;55.88;4.0;11.0;12059970000.0;1766.3470120000002;0.76;0.669;0.022;0.018;0.364;2080793.331;;J.Martins,Sgps;PTJMT0AE0001;JMT;Euronext Lisbon;Portugal;30041997.66;30041997.66;1632293.0;6.0;27.3;17.1;EUR;PSI_20;J.MARTINS;JMT
MOTA ENGIL;EUR;Stock;Ordinary Shares;Euronext Lisbon;PTMEN0AE0005;50, Industrials;5010, Construction and Materials;501010, Construction and Materials;50101010, Construction;11.1;7.0;15.0;1405980000.0;1403.5832;0.14;0.01;;;0.467;1887065.399;;Mota Engil;PTMEN0AE0005;EGL;Euronext Lisbon;Portugal;4903679.625;4903679.625;1009622.0;;;;EUR;PSI_20;MOTA ENGIL;EGL
NOS, SGPS, SA;EUR;Stock;Ordinary Shares;Euronext Lisbon;PTZON0AM0006;15, Telecommunications;1510, Telecommunications;151020, Telecommunications Service Providers;15102015, Telecommunications Services;19.16;5.0;15.0;2000900000.0;0.1391;0.409;0.143;;0.01;0.333;212772.0;;Nos, Sgps;PTZON0AM0006;NOS;Euronext Lisbon;Portugal;2373187.562;2373187.562;655778.0;4.2;17.7;8.4;EUR;PSI_20;NOS;NOS
REN;EUR;Stock;Ordinary Shares;Euronext Lisbon;PTREL0AM0008;65, Utilities;6510, Utilities;651010, Electricity;65101015, Conventional Electricity;52.0;5.0;14.0;1570760000.0;66.331761;0.253;0.29;0.017;;0.357;994269.962;;Ren Redes Energeticas Nacionais Sgps S A;PTREL0AM0008;RENE;Euronext Lisbon;Portugal;2014785.58;2014785.58;915688.0;;6.3;3.1;EUR;PSI_20;REN REDES ENERGETICAS NACIONAIS SGPS S A;RENE
SEMAPA;EUR;Stock;Ordinary Shares;Euronext Lisbon;PTSEM0AM0004;55, Basic Materials;5510, Basic Resources;551010, Industrial Materials;55101015, Paper;29.0;3.0;8.0;1318240000.0;;0.159;0.176;;;0.375;16167851.545;;Semapa Sociedade De Investimento E Gestao Sgps Sa;PTSEM0AM0004;SEM;Euronext Lisbon;Portugal;477653.22;477653.22;32148.0;;20.1;14.0;EUR;PSI_20;SEMAPA SOCIEDADE DE INVESTIMENTO E GESTAO SGPS SA;SEM
SONAE;EUR;Stock;Ordinary Shares;Euronext Lisbon;PTSON0AM0001;45, Consumer Staples;4520, Personal Care, Drug and Grocery Stores;452010, Personal Care, Drug and Grocery Stores;45201010, Food Retailers and Wholesalers;21.53;3.0;10.0;1932420000.0;1172.878253;0.66;;0.011;0.007;0.3;806124.812;0.25;Sonae Sgps Sa;PTSON0AM0001;SON;Euronext Lisbon;Portugal;2138812.327;2138812.327;2429620.0;2.5;12.5;5.6;EUR;PSI_20;SONAE SGPS SA;SON
THE NAVIGATOR COMP;EUR;Stock;Ordinary Shares;Euronext Lisbon;PTPTI0AM0006;55, Basic Materials;5510, Basic Resources;551010, Industrial Materials;55101015, Paper;41.0;3.0;13.0;3005630000.0;831.3153140000001;0.171;;;;0.231;11434862.203;;The Navigator Comp;PTPTI0AM0006;NVG;Euronext Lisbon;Portugal;1264309.58;1264309.58;312100.0;8.2;21.4;17.4;EUR;PSI_20;THE NAVIGATOR COMP;NVG
AIB GROUP PLC;EUR;Stock;Ordinary Shares;Euronext Dublin;IE00BF0L3536;30, Financials;3010, Banks;301010, Banks;30101010, Banks;30.8;6.0;15.0;14150750000.0;;;0.37;0.189;;0.4;;;Aib Group;IE00BF0L3536;A5G;Euronext Dublin;Ireland;21487391.6792;21487391.6792;4573769.0;1.5;15.1;;EUR;ISEQ;AIB GROUP;A5G
BANK OF IRELAND GROUP PLC;EUR;Stock;Ordinary Shares;Euronext Dublin;IE00BD1RP616;30, Financials;3010, Banks;301010, Banks;30101010, Banks;;4.0;11.0;11243560000.0;;;0.46;;;0.364;;;Bank Of Ireland;IE00BD1RP616;DD7E;Euronext Dublin;Ireland;31868668.9018;31868668.9018;3397599.0;1.0;13.3;;EUR;ISEQ;BANK OF IRELAND;DD7E
CAIRN HOMES PLC;EUR;Stock;Ordinary Shares;Euronext Dublin;IE00BWY4ZF18;40, Consumer Discretionary;4020, Consumer Products and Services;402020, Household Goods and Home Construction;40202010, Home Construction;;3.0;9.0;1126710000.0;;0.25;0.2;0.195;;0.333;;;Cairn Homes;IE00BWY4ZF18;C5H;Euronext Dublin;Ireland;1141385.882;1141385.882;713961.0;6.9;11.3;12.1;EUR;ISEQ;CAIRN HOMES;C5H
CORRE ENERGY B.V.;EUR;Stock;Ordinary Shares;Euronext Growth Dublin;NL0015000DY3;60, Energy;6010, Energy;601020, Alternative Energy;60102020, Renewable Energy Equipment;;0.0;4.0;65889530.00000001;;;;;;0.0;;;Corre Energy B.V.;NL0015000DY3;CORR;Euronext Growth Dublin;Netherlands;0.0;0.0;0.11;;440.7;;;ISEQ;CORRE ENERGY B.V.;CORR
CRH PLC;EUR;Stock;Preferred Shares;Euronext Growth Dublin;IE0001827264;50, Industrials;5010, Construction and Materials;501010, Construction and Materials;50101030, Cement;;;;53500.0;;;;;;;;;Crh Plc 5Pccumpref;IE0001827264;CRH;Euronext Growth Dublin;Ireland;34949000.0;34949000.0;2770000.0;6.0;13.8;12.0;;ISEQ;CRH PLC 5PCCUMPREF;CRH
DALATA HOTEL GROUP PLC;EUR;Stock;Ordinary Shares;Euronext Dublin;IE00BJMZDW83;40, Consumer Discretionary;4050, Travel and Leisure;405010, Travel and Leisure;40501025, Hotels and Motels;10.0;5.0;8.0;1004233520.0;67.585801;;0.45;0.07;;0.625;138650.944;;Dalata Hotel;IE00BJMZDW83;DHG;Euronext Dublin;Ireland;3251911.785;3251911.785;779288.0;4.1;6.9;6.5;EUR;ISEQ;DALATA HOTEL;DHG
DATALEX PLC;EUR;Stock;Ordinary Shares;Euronext Growth Dublin;IE0000527006;10, Technology;1010, Technology;101010, Software and Computer Services;10101015, Software;;0.0;7.0;68147230.0;;0.271;0.417;;;0.0;;;Datalex;IE0000527006;DLE;Euronext Growth Dublin;Ireland;26037.0;26037.0;0.09;;173.3;560.36;;ISEQ;DATALEX;DLE
DONEGAL INVESTMENT GROUP PLC;EUR;Stock;Ordinary Shares;Euronext Growth Dublin;IE000TIRQBE1;45, Consumer Staples;4510, Food, Beverage and Tobacco;451020, Food Producers;45102010, Farming, Fishing, Ranching and Plantations;;0.0;5.0;26824900.0;;;;;;0.0;;;Donegal Investment;IE000TIRQBE1;DGICA;Euronext Growth Dublin;Ireland;29719.0;29719.0;0.01;0.2;0.9;1.1;;ISEQ;DONEGAL INVESTMENT;DGICA
FBD HOLDINGS PLC;EUR;Stock;Ordinary Shares;Euronext Dublin;IE0003290289;30, Financials;3030, Insurance;303020, Non-life Insurance;30302010, Full Line Insurance;;3.0;11.0;581604920.0;82.1546;0.61;0.3;0.28;;0.273;;;Fbd Holdings;IE0003290289;EG7;Euronext Dublin;Ireland;107424.05;107424.05;8218.0;5.6;14.8;23.0;EUR;ISEQ;FBD HOLDINGS;EG7
FD TECHNOLOGIES PLC;EUR;Stock;Ordinary Shares;Euronext Growth Dublin;GB0031477770;10, Technology;1010, Technology;101010, Software and Computer Services;10101010, Computer Services;;2.0;7.0;447969410.0;;0.3;;;;0.286;;;Fd Technologies;GB0031477770;GYQ;Euronext Growth Dublin;United Kingdom;291102.0;291102.0;0.19;1.3;5.6;3.0;;ISEQ;FD TECHNOLOGIES;GYQ
GLANBIA PLC;EUR;Stock;Ordinary Shares;Euronext Dublin;IE0000669501;45, Consumer Staples;4510, Food, Beverage and Tobacco;451020, Food Producers;45102020, Food Products;;5.0;14.0;5018300000.0;;0.27;0.38;0.01;;0.357;;;Glanbia Public Limited Company;IE0000669501;GL9;Euronext Dublin;Ireland;5987491.495;5987491.495;327941.0;5.5;16.0;11.4;EUR;ISEQ;GLANBIA PUBLIC LIMITED COMPANY;GL9
GLENVEAGH PROPERTIES PLC;EUR;Stock;Ordinary Shares;Euronext Dublin;IE00BD6JX574;40, Consumer Discretionary;4020, Consumer Products and Services;402020, Household Goods and Home Construction;40202010, Home Construction;19.0;2.0;7.0;790630490.0;0.3852;0.3;;;;0.286;;;Glenveagh Prop.Plc;IE00BD6JX574;GLV;Euronext Dublin;Ireland;376156.434;376156.434;300550.0;4.8;6.9;8.9;EUR;ISEQ;GLENVEAGH PROP.PLC;GLV
GREAT WESTERN MINING CORPORATION PLC;EUR;Stock;Ordinary Shares;Euronext Growth Dublin;IE00B1FR8863;55, Basic Materials;5510, Basic Resources;551020, Industrial Metals and Mining;55102000, General Mining;;1.0;6.0;3796360.0;;;;;;0.167;;;Great Western Min.;IE00B1FR8863;GWO;Euronext Growth Dublin;Ireland;368890.0;368890.0;;6.0;9.7;;;ISEQ;GREAT WESTERN MIN.;GWO
GREENCOAT RENEWABLES PLC;EUR;Stock;Ordinary Shares;Euronext Growth Dublin;IE00BF2NR112;65, Utilities;6510, Utilities;651010, Electricity;65101010, Alternative Electricity;;;;1044062130.0;;;;;;;;;Greencoat Ren.;IE00BF2NR112;UKW;Euronext Growth Dublin;Ireland;1115327.127;1115327.127;1292871.0;2.3;3.3;3.5;EUR;ISEQ;GREENCOAT REN.;UKW
IRISH CONTINENTAL GROUP PLC;EUR;Stock;Units;Euronext Dublin;IE00BLP58571;50, Industrials;5020, Industrial Goods and Services;502060, Industrial Transportation;50206030, Marine Transportation;;2.0;6.0;881840500.0;;0.39;;;;0.333;1870890.386;;Dci Enhanced Glob Ig Corp Credit A Usd Ret Dis;IE00BLP58571;DCI;Euronext Dublin;Ireland;3624727.86;3624727.86;747394.0;7.6;22.7;14.6;EUR;ISEQ;DCI ENHANCED GLOB IG CORP CREDIT A USD RET DIS;DCI
IRISH RESIDENTIAL PROPERTIES REIT PLC;EUR;Stock;Ordinary Shares;Euronext Dublin;IE00BJ34P519;35, Real Estate;3510, Real Estate;351020, Real Estate Investment Trusts;35102040, Residential REITs;41.0;3.0;9.0;565516400.0;;0.49;;;;0.333;;;Irish Res. Prop.;IE00BJ34P519;IRES;Euronext Dublin;Ireland;1660168.326;1660168.326;1613121.0;2.5;;4.4;EUR;ISEQ;IRISH RES. PROP.;IRES
KENMARE RESOURCES PLC;EUR;Stock;Ordinary Shares;Euronext Dublin;IE00BDC5DG00;55, Basic Materials;5510, Basic Resources;551020, Industrial Metals and Mining;55102000, General Mining;44.5;3.0;9.0;383805790.0;366.86;0.16;0.18;;;0.333;435903.0;;Kenmare Rsrcs;IE00BDC5DG00;KMR;Euronext Dublin;Ireland;10005.18;10005.18;2655.0;7.7;11.7;12.8;EUR;ISEQ;KENMARE RSRCS;KMR
KERRY GROUP PLC;EUR;Stock;Ordinary Shares;Euronext Dublin;IE0004906560;45, Consumer Staples;4510, Food, Beverage and Tobacco;451020, Food Producers;45102020, Food Products;7.0;6.0;14.0;14694310000.0;;0.326;0.24;;;0.429;3235078.0;;Kerry Group Public Limited Company;IE0004906560;KRZ;Euronext Dublin;Ireland;32720274.9115;32720274.9115;411029.0;4.5;11.4;9.1;EUR;ISEQ;KERRY GROUP PUBLIC LIMITED COMPANY;KRZ
KINGSPAN GROUP PLC;EUR;Stock;Ordinary Shares;Euronext Dublin;IE0004927939;50, Industrials;5010, Construction and Materials;501010, Construction and Materials;50101035, Building Materials: Other;;4.0;11.0;15872380000.0;708.397887;0.21;0.31;;;0.364;836500.0;;Kingspan Group Public Limited Company;IE0004927939;KRX;Euronext Dublin;Ireland;25169002.55;25169002.55;297560.0;6.7;17.8;13.7;EUR;ISEQ;KINGSPAN GROUP PUBLIC LIMITED COMPANY;KRX
MALIN CORPORATION PLC;EUR;Stock;Ordinary Shares;Euronext Growth Dublin;IE00BVGC3741;20, Health Care;2010, Health Care;201030, Pharmaceuticals and Biotechnology;20103015, Pharmaceuticals;;2.0;6.0;112683840.0;;;;;;0.333;;;Malin;IE00BVGC3741;MLC;Euronext Growth Dublin;Ireland;1629.8;1629.8;281.0;;;;EUR;ISEQ;MALIN;MLC
MINCON GROUP PLC;EUR;Stock;Ordinary Shares;Euronext Growth Dublin;IE00BD64C665;50, Industrials;5020, Industrial Goods and Services;502040, Industrial Engineering;50204000, Machinery: Industrial;;2.0;8.0;111398770.0;;;;;;0.25;;;Mincon Group;IE00BD64C665;MIO;Euronext Growth Dublin;Ireland;23400.0;23400.0;0.02;3.5;4.8;6.3;;ISEQ;MINCON GROUP;MIO
ORIGIN ENTERPRISES PLC;EUR;Stock;Ordinary Shares;Euronext Growth Dublin;IE00B1WV4493;45, Consumer Staples;4510, Food, Beverage and Tobacco;451020, Food Producers;45102010, Farming, Fishing, Ranching and Plantations;;3.0;9.0;374074140.0;60767.00686400001;0.27;0.25;;;0.333;12314.0;;Origin Ent. Plc;IE00B1WV4493;OIZ;Euronext Growth Dublin;Ireland;632910.88;632910.88;209084.0;3.2;11.6;8.7;EUR;ISEQ;ORIGIN ENT. PLC;OIZ
OVOCA BIO PLC;EUR;Stock;Ordinary Shares;Euronext Growth Dublin;IE00B4XVDC01;20, Health Care;2010, Health Care;201030, Pharmaceuticals and Biotechnology;20103010, Biotechnology;;2.0;4.0;567905.7100000001;;;;;;0.5;;;Ovoca Bio;IE00B4XVDC01;OVXA;Euronext Growth Dublin;Ireland;;;;4.9;;;;ISEQ;OVOCA BIO;OVXA
PERMANENT TSB GROUP HOLDINGS PLC;EUR;Stock;Ordinary Shares;Euronext Dublin;IE00BWB8X525;30, Financials;3010, Banks;301010, Banks;30101010, Banks;;;;922373170.0;;;;;;;;;Perm. Tsb Gp. Hold;IE00BWB8X525;PTSB;Euronext Dublin;Ireland;548804.68;548804.68;396376.0;7.1;11.8;9.8;EUR;ISEQ;PERM. TSB GP. HOLD;PTSB
RYANAIR HOLDINGS PLC;EUR;Stock;Ordinary Shares;Euronext Dublin;IE00BYTBXV33;40, Consumer Discretionary;4050, Travel and Leisure;405010, Travel and Leisure;40501010, Airlines;;5.0;13.0;25067960000.0;882.5472350000001;0.42;;;;0.385;;;Ryanair Hold. Plc;IE00BYTBXV33;NMS;Euronext Dublin;Ireland;36016980.86;36016980.86;1715627.0;8.7;28.8;19.7;EUR;ISEQ;RYANAIR HOLD. PLC;NMS
SMURFIT KAPPA GROUP PLC;EUR;Stock;Ordinary Shares;Euronext Dublin;IE00B1RR8406;50, Industrials;5020, Industrial Goods and Services;502030, General Industrials;50203030, Containers and Packaging;;;;11398710000.0;;;;;;;;;Smurfit Kappa Gp;IE00B1RR8406;Sk3;Euronext Dublin;Ireland;34031383.7005;34031383.7005;806440.0;6.9;14.3;14.6;EUR;ISEQ;SMURFIT KAPPA GP;Sk3
UNIPHAR PLC;EUR;Stock;Ordinary Shares;Euronext Growth Dublin;IE00BJ5FQX74;45, Consumer Staples;4520, Personal Care, Drug and Grocery Stores;452010, Personal Care, Drug and Grocery Stores;45201015, Drug Retailers;;;;756607700.0;;;;;;;;;Uniphar;IE00BJ5FQX74;UPR;Euronext Growth Dublin;Ireland;105810.205;105810.205;46026.0;4.0;14.5;10.9;EUR;ISEQ;UNIPHAR;UPR
AKER BP;NOK;Stock;Ordinary Shares;Oslo B√∏rs;NO0010345853;60, Energy;6010, Energy;601010, Oil, Gas and Coal;60101010, Oil: Crude Producers;23.3;4.0;12.0;16368534000.0;2572.4275;;;;;0.333;5084936.846;;Aker Bp;NO0010345853;AKRBP;Oslo B√∏rs;Norway;187836794.5;16084259.0;695923.0;15.8;10.8;32.9;NOK;OBX;AKER BP;AKRBP
BW LPG;NOK;Stock;Ordinary Shares;Oslo B√∏rs;BMG173841013;50, Industrials;5020, Industrial Goods and Services;502060, Industrial Transportation;50206030, Marine Transportation;10.6;3.0;5.0;1821820000.0;;0.4;0.17;;;0.6;4592559.23;0.12;Bw Lpg;BMG173841013;BW9;Oslo B√∏rs;Bermuda;36623204.0;3136004.9;299985.0;11.9;31.0;22.4;NOK;OBX;BW LPG;BW9
DNB BANK ASA;NOK;Stock;Ordinary Shares;Oslo B√∏rs;NO0010161896;30, Financials;3010, Banks;301010, Banks;30101010, Banks;;5.0;10.0;29661814000.0;;0.462;0.417;;;0.5;;;Dnb Bnk;NO0010161896;DNB;Oslo B√∏rs;Norway;198381423.5;16987184.0;922768.0;1.2;15.3;;NOK;OBX;DNB BNK;DNB
EQUINOR;NOK;Stock;Ordinary Shares;Oslo B√∏rs;NO0010096985;60, Energy;6010, Energy;601010, Oil, Gas and Coal;60101000, Integrated Oil and Gas;;4.0;10.0;82094103000.0;2061.02;0.32;0.36;;;0.4;;;Equinor Asa;NO0010096985;EQNR;Oslo B√∏rs;Norway;353534153.0;30272743.0;1235994.0;14.9;23.2;38.5;NOK;OBX;EQUINOR ASA;EQNR
FRONTLINE PLC;NOK;Stock;Ordinary Shares;Oslo B√∏rs;CY0200352116;50, Industrials;5020, Industrial Goods and Services;502060, Industrial Transportation;50206030, Marine Transportation;;0.0;6.0;5242965000.0;;0.263;;;;0.0;;;Frontline Plc;CY0200352116;FRO;Oslo B√∏rs;Cyprus;191359510.85;16385905.0;779777.0;8.5;28.0;12.6;NOK;OBX;FRONTLINE PLC;FRO
GOLDEN OCEAN GROUP;NOK;Stock;Ordinary Shares;Oslo B√∏rs;BMG396372051;50, Industrials;5020, Industrial Goods and Services;502060, Industrial Transportation;50206030, Marine Transportation;;0.0;5.0;2636998000.0;622.17;0.342;;;;0.0;5967680.885;;Golden Ocean Grp;BMG396372051;GOGL;Oslo B√∏rs;Bermuda;41195012.6;3527483.8;303236.0;3.5;5.8;5.6;NOK;OBX;GOLDEN OCEAN GRP;GOGL
HAFNIA LIMITED;NOK;Stock;Ordinary Shares;Oslo B√∏rs;BMG4233B1090;50, Industrials;5020, Industrial Goods and Services;502060, Industrial Transportation;50206030, Marine Transportation;16.3;1.0;6.0;3754114000.0;;0.054;0.17;;;0.167;;;Hafnia Ltd;BMG4233B1090;HAFNI;Oslo B√∏rs;Bermuda;45432748.05;3890356.5;607572.0;12.7;37.4;22.6;NOK;OBX;HAFNIA LTD;HAFNI
HOEGH AUTOLINERS ASA;NOK;Stock;Ordinary Shares;Oslo B√∏rs;NO0011082075;50, Industrials;5020, Industrial Goods and Services;502060, Industrial Transportation;50206030, Marine Transportation;;3.0;7.0;1696968000.0;776.2357;0.46;0.29;;;0.429;;0.079;H√∂egh Autoliners;NO0011082075;HAUTO;Oslo B√∏rs;Norway;41380512.5;3543368.0;448212.0;19.3;47.6;30.1;NOK;OBX;H√ñEGH AUTOLINERS;HAUTO
KONGSBERG GRUPPEN;NOK;Stock;Ordinary Shares;Oslo B√∏rs;NO0003043309;50, Industrials;5020, Industrial Goods and Services;502030, General Industrials;50203000, Diversified Industrials;;4.0;8.0;11926642000.0;18.82426;0.216;0.21;0.08;;0.5;174434.0;0.053;Kongsberg Gruppe;NO0003043309;KOG;Oslo B√∏rs;Norway;65696298.5;5625502.1;87748.0;6.0;24.6;20.4;NOK;OBX;KONGSBERG GRUPPE;KOG
MOWI;NOK;Stock;Ordinary Shares;Oslo B√∏rs;NO0003054108;45, Consumer Staples;4510, Food, Beverage and Tobacco;451020, Food Producers;45102010, Farming, Fishing, Ranching and Plantations;13.9;4.0;9.0;8660834000.0;225.6737;0.4;0.25;;0.016;0.444;910834.062;;Mowi;NO0003054108;MOWI;Oslo B√∏rs;Norway;101858992.3;8722074.0;512911.0;7.8;11.8;13.7;NOK;OBX;MOWI;MOWI
MPC CONTAINER SHIPS;NOK;Stock;Ordinary Shares;Oslo B√∏rs;NO0010791353;50, Industrials;5020, Industrial Goods and Services;502060, Industrial Transportation;50206030, Marine Transportation;;2.0;5.0;526071000.0;2637.81;0.364;;;;0.4;5931381.967;;Mpc Container Ship;NO0010791353;MPC;Oslo B√∏rs;Norway;59773975.025;5118380.1;4762679.0;25.8;44.1;44.8;NOK;OBX;MPC CONTAINER SHIP;MPC
NEL;NOK;Stock;Ordinary Shares;Oslo B√∏rs;NO0010081235;60, Energy;6010, Energy;601020, Alternative Energy;60102020, Renewable Energy Equipment;7.2;3.0;7.0;719082000.0;0.1440893999999999;0.205;0.111;0.15;;0.429;16729.0;;Nel;NO0010081235;NEL;Oslo B√∏rs;Norway;16455267.78;1409046.6;3420054.0;;;;NOK;OBX;NEL;NEL
NORDIC SEMICONDUCTOR;NOK;Stock;Ordinary Shares;Oslo B√∏rs;NO0003055501;10, Technology;1010, Technology;101020, Technology Hardware and Equipment;10102010, Semiconductors;;4.0;10.0;1594684000.0;28.36;0.171;0.2;;;0.4;5177.0;;Nordic Semiconduc;NO0003055501;NOD;Oslo B√∏rs;Norway;16770183.78;1436012.5;197585.0;0.4;1.3;0.6;NOK;OBX;NORDIC SEMICONDUC;NOD
NORSK HYDRO;NOK;Stock;Ordinary Shares;Oslo B√∏rs;NO0005052605;55, Basic Materials;5510, Basic Resources;551020, Industrial Metals and Mining;55102035, Aluminum;;4.0;11.0;13214292000.0;10.66156;;;;;0.364;45700000.0;;Norsk Hydro;NO0005052605;NHY;Oslo B√∏rs;Norway;207359035.02;17755927.0;3487690.0;12.0;2.6;26.2;NOK;OBX;NORSK HYDRO;NHY
NORWEGIAN AIR SHUTTLE;NOK;Stock;Ordinary Shares;Oslo B√∏rs;NO0010196140;40, Consumer Discretionary;4050, Travel and Leisure;405010, Travel and Leisure;40501010, Airlines;;3.0;8.0;1453816000.0;0.01092;0.43;0.22;;;0.375;;;Norwegian Air Shut;NO0010196140;NWC;Oslo B√∏rs;Norway;33521942.36;2870447.2;2045307.0;5.2;34.8;11.3;NOK;OBX;NORWEGIAN AIR SHUT;NWC
ORKLA;NOK;Stock;Ordinary Shares;Oslo B√∏rs;NO0003733800;45, Consumer Staples;4510, Food, Beverage and Tobacco;451020, Food Producers;45102020, Food Products;12.4;5.0;11.0;7199283000.0;2.96387;0.465;0.402;;;0.455;1005000.0;;Orkla;NO0003733800;ORK;Oslo B√∏rs;Norway;59564342.1;5100429.4;777948.0;5.1;12.1;9.7;NOK;OBX;ORKLA;ORK
PGS;NOK;Stock;Ordinary Shares;Oslo B√∏rs;NO0010199151;60, Energy;6010, Energy;601010, Oil, Gas and Coal;60101030, Oil Equipment and Services;13.7;5.0;10.0;769041000.0;0.0;0.3;;;;0.5;1061000.0;;Pgs Asa;NO0010199151;PGS;Oslo B√∏rs;Norway;21639981.876;1853008.0;2782824.0;5.4;;11.9;NOK;OBX;PGS ASA;PGS
SALMAR;NOK;Stock;Ordinary Shares;Oslo B√∏rs;NO0010310956;45, Consumer Staples;4510, Food, Beverage and Tobacco;451020, Food Producers;45102010, Farming, Fishing, Ranching and Plantations;;3.0;7.0;7840105000.0;1.3039117;0.28;0.14;;;0.429;293889.124;;Salmar;NO0010310956;SALM;Oslo B√∏rs;Norway;52003986.8;4453044.5;72733.0;10.2;11.6;20.8;NOK;OBX;SALMAR;SALM
STOREBRAND;NOK;Stock;Ordinary Shares;Oslo B√∏rs;NO0003053605;30, Financials;3030, Insurance;303010, Life Insurance;30301010, Life Insurance;6.0;5.0;10.0;4024202000.0;0.0006734;0.46;0.56;0.16;;0.5;;;Storebrand Asa;NO0003053605;STB;Oslo B√∏rs;Norway;32743420.71;2803783.3;327563.0;3.4;11.4;53.6;NOK;OBX;STOREBRAND ASA;STB
SUBSEA 7;NOK;Stock;Ordinary Shares;Oslo B√∏rs;LU0075646355;60, Energy;6010, Energy;601010, Oil, Gas and Coal;60101030, Oil Equipment and Services;13.08;1.0;7.0;4940026000.0;152.0874;0.17;0.29;;;0.143;2173161.211;0.082;Subsea 7;LU0075646355;SUBC;Oslo B√∏rs;Luxembourg;55180413.6;4725038.4;320618.0;1.4;1.2;2.9;NOK;OBX;SUBSEA 7;SUBC
TELENOR;NOK;Stock;Ordinary Shares;Oslo B√∏rs;NO0010063308;15, Telecommunications;1510, Telecommunications;151020, Telecommunications Service Providers;15102015, Telecommunications Services;;5.0;10.0;15498574000.0;0.00091;0.38;;;;0.5;2791000.0;;Telenor;NO0010063308;TEL;Oslo B√∏rs;Norway;165994011.95;14213886.0;1367464.0;4.7;;;NOK;OBX;TELENOR;TEL
TGS ASA;NOK;Stock;Ordinary Shares;Oslo B√∏rs;NO0003078800;60, Energy;6010, Energy;601010, Oil, Gas and Coal;60101030, Oil Equipment and Services;21.6;2.0;5.0;1566838000.0;0.07;0.545;0.29;;;0.4;;;Tgs;NO0003078800;TGS;Oslo B√∏rs;Norway;26134109.2;2237835.2;221990.0;4.1;1.7;9.0;NOK;OBX;TGS;TGS
TOMRA SYSTEMS;NOK;Stock;Ordinary Shares;Oslo B√∏rs;NO0012470089;50, Industrials;5020, Industrial Goods and Services;502040, Industrial Engineering;50204000, Machinery: Industrial;;3.0;8.0;3919734000.0;2.69087;0.23;0.29;0.023;;0.375;2159283.0;;Tomra Systems;NO0012470089;TOM;Oslo B√∏rs;Norway;53577851.4;4587812.8;317344.0;5.1;11.1;10.5;NOK;OBX;TOMRA SYSTEMS;TOM
V√ÖR ENERGI ASA;NOK;Stock;Ordinary Shares;Oslo B√∏rs;NO0011202772;60, Energy;6010, Energy;601010, Oil, Gas and Coal;60101015, Offshore Drilling and Other Services;;6.0;12.0;8564465000.0;735.2741;0.255;0.3;0.06;;0.5;980871.34;;V√•r Energi;NO0011202772;OOAAY;Oslo B√∏rs;Norway;91828472.3;7863171.6;2584379.0;12.9;37.6;28.1;NOK;OBX;V√ÖR ENERGI;OOAAY
YARA INTERNATIONAL;NOK;Stock;Ordinary Shares;Oslo B√∏rs;NO0010208051;55, Basic Materials;5520, Chemicals;552010, Chemicals;55201015, Fertilizers;;;;7844109000.0;;;;;;;;;Yara Intl;NO0010208051;YAR;Oslo B√∏rs;Norway;153578692.8;13150775.0;449191.0;1.5;0.7;3.4;NOK;OBX;YARA INTL;YAR
A2A;EUR;Stock;Ordinary Shares;Euronext Milan;IT0001233417;65, Utilities;6510, Utilities;651010, Electricity;65101015, Conventional Electricity;24.0;5.0;12.0;5797260000.0;1060.3642220000002;0.19;0.25;;;0.417;;0.089;A2A Spa;IT0001233417;A2A;Bosa Milano;Italy;15348591.3715;15348591.3715;9191911.0;2.3;8.8;7.2;EUR;MIB;A2A SPA;A2A
AMPLIFON;EUR;Stock;Ordinary Shares;Euronext Milan;IT0004056880;20, Health Care;2010, Health Care;201020, Medical Equipment and Services;20102015, Medical Supplies;29.8;5.0;9.0;7511400000.0;18.3291;0.733;0.274;;0.047;0.556;67190.887;;Amplifon Spa;IT0004056880;AMP;Bosa Milano;Italy;16115093.94;16115093.94;477064.0;4.7;14.5;10.1;EUR;MIB;AMPLIFON SPA;AMP
AZIMUT;EUR;Stock;Ordinary Shares;Euronext Milan;IT0003261697;30, Financials;3020, Financial Services;302020, Investment Banking and Brokerage Services;30202010, Asset Managers and Custodians;5.0;7.0;16.0;3703270000.0;;0.46;0.16;;0.005;0.438;2855.28;;Azimut;IT0003261697;HDB;Bosa Milano;Italy;;;;;29.2;27.0;;MIB;AZIMUT;HDB
BANCA GENERALI;EUR;Stock;Ordinary Shares;Euronext Milan;IT0001031084;30, Financials;3010, Banks;301010, Banks;30101010, Banks;59.0;4.0;8.0;4458690000.0;;0.49;0.37;;0.047;0.5;3159.447;;Banca Generali;IT0001031084;BGN;Bosa Milano;Italy;5961923.43;5961923.43;161878.0;2.0;28.6;;EUR;MIB;BANCA GENERALI;BGN
BANCA GENERALI;EUR;Stock;Ordinary Shares;Euronext Milan;IT0001031084;30, Financials;3010, Banks;301010, Banks;30101010, Banks;59.0;4.0;8.0;4458690000.0;;0.49;0.37;;0.047;0.5;3159.447;;Banca Generali;IT0001031084;BGN;Bosa Milano;Italy;5961923.43;5961923.43;161878.0;2.0;28.6;;EUR;MIB;BANCA GENERALI;BGN
BANCA MEDIOLANUM;EUR;Stock;Ordinary Shares;Euronext Milan;IT0004776628;30, Financials;3020, Financial Services;302020, Investment Banking and Brokerage Services;30202000, Diversified Financial Services;34.39;6.0;13.0;8115950000.0;;0.495;;;;0.461;19118.515;;Banca Mediolanum;IT0004776628;BMED;Bosa Milano;Italy;9094819.26;9094819.26;890725.0;;25.8;;EUR;MIB;BANCA MEDIOLANUM;BMED
BANCO BPM;EUR;Stock;Ordinary Shares;Euronext Milan;IT0005218380;30, Financials;3010, Banks;301010, Banks;30101010, Banks;55.0;6.0;15.0;10300890000.0;;0.461;0.26;;;0.4;158564.738;;Banco Bpm Spa;IT0005218380;BAMI;Bosa Milano;Italy;65294407.82;65294407.82;10586454.0;0.6;9.3;;EUR;MIB;BANCO BPM SPA;BAMI
BPER BANCA;EUR;Stock;Ordinary Shares;Euronext Milan;IT0000066123;30, Financials;3010, Banks;301010, Banks;30101010, Banks;45.14;8.0;15.0;6689640000.0;;0.47;0.208;;;0.533;143635.115;0.011;Bper Banca;IT0000066123;BPE;Bosa Milano;Italy;53576314.264;53576314.264;12270423.0;1.1;17.5;;EUR;MIB;BPER BANCA;BPE
BUZZI;EUR;Stock;Ordinary Shares;Euronext Milan;IT0001347308;50, Industrials;5010, Construction and Materials;501010, Construction and Materials;50101030, Cement;31.0;5.0;12.0;6937880000.0;;0.142;;;;0.417;29099189.946;;Buzzi Unicem;IT0001347308;BZU;Bosa Milano;Italy;;;;5.9;16.1;10.8;;MIB;BUZZI UNICEM;BZU
CNH INDUSTRIAL;EUR;Stock;Ordinary Shares;Euronext Global Equity Market;NL0010545661;50, Industrials;5020, Industrial Goods and Services;502040, Industrial Engineering;50204010, Machinery: Agricultural;22.19;4.0;9.0;15714020000.0;;0.106;0.17;;0.018;0.444;1047778.616;;Cnh Industrial N.V.;NL0010545661;CNHI;Bosa Milano;Netherlands;;;;4.3;31.3;8.2;;MIB;CNH INDUSTRIAL N.V.;CNHI
DIASORIN;EUR;Stock;Ordinary Shares;Euronext Milan;IT0003492391;20, Health Care;2010, Health Care;201020, Medical Equipment and Services;20102010, Medical Equipment;60.84;6.0;15.0;5362840000.0;;0.43;0.269;0.1;;0.4;59133.103;;Diasorin Spa;IT0003492391;DIA;Bosa Milano;Italy;;;;4.7;10.4;9.1;;MIB;DIASORIN SPA;DIA
ENEL;EUR;Stock;Ordinary Shares;Euronext Milan;IT0003128367;65, Utilities;6510, Utilities;651010, Electricity;65101015, Conventional Electricity;47.4;4.0;9.0;63877930000.0;0.0009;0.234;0.249;0.193;0.033;0.444;;;Enel Spa;IT0003128367;ENEL;Bosa Milano;Italy;136799560.425;136799560.425;22307374.0;3.3;10.6;8.4;EUR;MIB;ENEL SPA;ENEL
ENI;EUR;Stock;Ordinary Shares;Euronext Milan;IT0003132476;60, Energy;6010, Energy;601010, Oil, Gas and Coal;60101000, Integrated Oil and Gas;31.1;4.0;9.0;53524610000.0;2725.668138;0.269;0.175;0.01;;0.444;143639003.8;0.027;Eni Spa;IT0003132476;ENI;Bosa Milano;Italy;104868716.542;104868716.542;7158424.0;4.4;8.8;11.2;EUR;MIB;ENI SPA;ENI
ERG;EUR;Stock;Ordinary Shares;Euronext Milan;IT0001157020;65, Utilities;6510, Utilities;651010, Electricity;65101010, Alternative Electricity;42.5;5.0;12.0;3870190000.0;28.547600000000003;0.31;0.18;0.01;;0.417;22000.0;0.054;Erg Spa;IT0001157020;ERG;Bosa Milano;Italy;10616424.48;10616424.48;454874.0;4.1;10.9;8.5;EUR;MIB;ERG SPA;ERG
FINECOBANK;EUR;Stock;Ordinary Shares;Euronext Milan;IT0000072170;30, Financials;3010, Banks;301010, Banks;30101010, Banks;;;;9116400000.0;;;;;;;;;Finecobank Banca Fineco Spa;IT0000072170;FBK;Bosa Milano;Italy;34547669.415;34547669.415;2494940.0;1.8;29.7;;EUR;MIB;FINECOBANK BANCA FINECO SPA;FBK
GENERALI ASS;EUR;Stock;Ordinary Shares;Euronext Milan;IT0000062072;30, Financials;3030, Insurance;303020, Non-life Insurance;30302010, Full Line Insurance;34.4;6.0;13.0;37827710000.0;1.8511;0.511;;0.145;;0.462;;;Banca Generali;IT0000062072;BGN;Bosa Milano;Italy;;;;0.8;13.4;13.3;;MIB;BANCA GENERALI;BGN
GENERALI ASS;EUR;Stock;Ordinary Shares;Euronext Milan;IT0000062072;30, Financials;3030, Insurance;303020, Non-life Insurance;30302010, Full Line Insurance;34.4;6.0;13.0;37827710000.0;1.8511;0.511;;0.145;;0.462;;;Banca Generali;IT0000062072;BGN;Bosa Milano;Italy;;;;0.8;13.4;13.3;;MIB;BANCA GENERALI;BGN
HERA;EUR;Stock;Ordinary Shares;Euronext Milan;IT0001250932;65, Utilities;6510, Utilities;651020, Gas, Water and Multi-utilities;65102000, Multi-utilities;30.8;6.0;15.0;5100690000.0;1353.045067;0.276;0.216;;0.035;0.4;3981392.074;0.024;Hera Spa;IT0001250932;HER;Bosa Milano;Italy;9303130.046;9303130.046;2846861.0;2.0;11.3;8.0;EUR;MIB;HERA SPA;HER
INTERPUMP GROUP;EUR;Stock;Ordinary Shares;Euronext Milan;IT0001078911;50, Industrials;5020, Industrial Goods and Services;502040, Industrial Engineering;50204000, Machinery: Industrial;10.0;5.0;10.0;4790390000.0;;0.192;0.113;;;0.5;231037.685;;Interpump Group Spa;IT0001078911;IP;Bosa Milano;Italy;;;;8.4;16.5;16.0;;MIB;INTERPUMP GROUP SPA;IP
INTESA SANPAOLO;EUR;Stock;Ordinary Shares;Euronext Milan;IT0000072618;30, Financials;3010, Banks;301010, Banks;30101010, Banks;51.4;8.0;19.0;65524660000.0;;0.537;0.005;;0.045;0.421;1000598.3;0.028;Intesa Sanpaolo Spa;IT0000072618;ISP;Bosa Milano;Italy;334011620.8755;334011620.8755;99299036.0;0.8;12.4;;EUR;MIB;INTESA SANPAOLO SPA;ISP
INWIT;EUR;Stock;Ordinary Shares;Euronext Milan;IT0005090300;15, Telecommunications;1510, Telecommunications;151020, Telecommunications Service Providers;15102015, Telecommunications Services;19.1;5.0;11.0;10125410000.0;20.111506;0.38;0.26;;;0.455;774287.008;;Infrastrutture Wireless Italiane Spa;IT0005090300;INW;Bosa Milano;Italy;;;;2.3;5.1;3.6;;MIB;INFRASTRUTTURE WIRELESS ITALIANE SPA;INW
ITALGAS;EUR;Stock;Ordinary Shares;Euronext Milan;IT0005211237;65, Utilities;6510, Utilities;651020, Gas, Water and Multi-utilities;65102020, Gas Distribution;35.0;4.0;9.0;4366670000.0;28.653851;0.178;0.183;0.132;0.043;0.444;131111.216;0.021;Italgas Spa;IT0005211237;IG;Bosa Milano;Italy;14211177.675;14211177.675;2639180.0;4.4;18.7;7.8;EUR;MIB;ITALGAS SPA;IG
IVECO GROUP;EUR;Stock;Ordinary Shares;Euronext Milan;NL0015000LU4;50, Industrials;5020, Industrial Goods and Services;502060, Industrial Transportation;50206015, Commercial Vehicles and Parts;11.29;3.0;9.0;3642280000.0;8678.277051000001;0.184;0.188;;0.053;0.333;847789.845;0.029;Iveco Group;NL0015000LU4;IVG;Bosa Milano;Netherlands;;;;3.4;0.8;11.4;;MIB;IVECO GROUP;IVG
LEONARDO;EUR;Stock;Ordinary Shares;Euronext Milan;IT0003856405;50, Industrials;5020, Industrial Goods and Services;502010, Aerospace and Defense;50201020, Defense;24.1;5.0;12.0;13411380000.0;464.8936000000001;0.196;0.16;0.02;0.032;0.417;1475278.958;0.044;Leonardo Spa;IT0003856405;LDO;Bosa Milano;Italy;80210448.25;80210448.25;3462175.0;2.5;8.5;8.5;EUR;MIB;LEONARDO SPA;LDO
MEDIOBANCA;EUR;Stock;Ordinary Shares;Euronext Milan;IT0000062957;30, Financials;3020, Financial Services;302020, Investment Banking and Brokerage Services;30202000, Diversified Financial Services;26.3;6.0;15.0;12349940000.0;;0.42;;0.261;;0.4;37727.558;;Mediobanca;IT0000062957;MB;Bosa Milano;Italy;36720225.11;36720225.11;2654722.0;1.2;10.5;;EUR;MIB;MEDIOBANCA;MB
MONCLER;EUR;Stock;Ordinary Shares;Euronext Milan;IT0004965148;40, Consumer Discretionary;4020, Consumer Products and Services;402040, Personal Goods;40204020, Clothing and Accessories;27.07;5.0;12.0;19241810000.0;19.532101;0.688;0.51;;0.012;0.417;;0.134;Moncler Spa;IT0004965148;MONC;Bosa Milano;Italy;39842407.96;39842407.96;576647.0;12.8;20.0;22.2;EUR;MIB;MONCLER SPA;MONC
NEXI;EUR;Stock;Ordinary Shares;Euronext Milan;IT0005366767;50, Industrials;5020, Industrial Goods and Services;502050, Industrial Support Services;50205015, Transaction Processing Services;19.6;5.0;13.0;7647290000.0;;0.42;0.223;0.193;0.017;0.385;65359.997;;Nexi Spa;IT0005366767;NEXI;Bosa Milano;Italy;31687424.46;31687424.46;5383374.0;4.0;;7.1;EUR;MIB;NEXI SPA;NEXI
PIRELLI & C;EUR;Stock;Ordinary Shares;Euronext Milan;IT0005278236;40, Consumer Discretionary;4010, Automobiles and Parts;401010, Automobiles and Parts;40101015, Tires;177.6;6.0;15.0;6280900000.0;388.0569;0.156;0.137;;0.019;0.4;2825114.76;0.065;Pirelli And C;IT0005278236;PIRC;Bosa Milano;Italy;;;;3.8;9.0;7.9;;MIB;PIRELLI AND C;PIRC
POSTE ITALIANE;EUR;Stock;Ordinary Shares;Euronext Milan;IT0003796171;30, Financials;3030, Insurance;303010, Life Insurance;30301010, Life Insurance;48.0;4.0;9.0;16288610000.0;3.856922;0.531;0.46;0.007;0.043;0.444;1087570.315;0.055;Poste Italiane;IT0003796171;PST;Bosa Milano;Italy;20091812.405;20091812.405;1733142.0;0.6;20.0;2.5;EUR;MIB;POSTE ITALIANE;PST
PRYSMIAN;EUR;Stock;Ordinary Shares;Euronext Milan;IT0004176001;50, Industrials;5020, Industrial Goods and Services;502020, Electronic and Electrical Equipment;50202010, Electrical Components;35.7;5.0;12.0;14860160000.0;19548.450600000004;0.205;0.188;0.05;;0.417;2675308.807;;Prysmian Spa;IT0004176001;PRY;Bosa Milano;Italy;32770169.11;32770169.11;677855.0;5.0;14.1;14.4;EUR;MIB;PRYSMIAN SPA;PRY
RECORDATI ORD;EUR;Stock;Ordinary Shares;Euronext Milan;IT0003828271;20, Health Care;2010, Health Care;201030, Pharmaceuticals and Biotechnology;20103015, Pharmaceuticals;27.8;5.0;12.0;11130140000.0;;0.48;;0.1;;0.417;172500.138;;Recordati Industria Chimica E Farmaceutica Spa;IT0003828271;REC;Bosa Milano;Italy;;;;9.4;24.1;16.9;;MIB;RECORDATI INDUSTRIA CHIMICA E FARMACEUTICA SPA;REC
SNAM;EUR;Stock;Ordinary Shares;Euronext Milan;IT0003153415;60, Energy;6010, Energy;601010, Oil, Gas and Coal;60101035, Pipelines;33.7;4.0;9.0;15283880000.0;105.518692;0.165;0.197;0.08;;0.444;4900281.698;0.038;Snam Spa;IT0003153415;SRG;Bosa Milano;Italy;27229014.126;27229014.126;6217983.0;3.3;15.5;6.4;EUR;MIB;SNAM SPA;SRG
STELLANTIS;EUR;Stock;Ordinary Shares;Euronext Milan;NL00150001Q9;40, Consumer Discretionary;4010, Automobiles and Parts;401010, Automobiles and Parts;40101020, Automobiles;;3.0;11.0;82467040000.0;6858.244394;;;;;0.273;15494891.0;;Stellantis Nv;NL00150001Q9;STLAP;Euronext Paris;Netherlands;74803134.41;74803134.41;2825395.0;7.4;24.1;19.7;EUR;CAC_40;STELLANTIS NV;STLAP
STELLANTIS;EUR;Stock;Ordinary Shares;Euronext Milan;NL00150001Q9;40, Consumer Discretionary;4010, Automobiles and Parts;401010, Automobiles and Parts;40101020, Automobiles;;3.0;11.0;82467040000.0;6858.244394;;;;;0.273;15494891.0;;Stellantis Nv;NL00150001Q9;STLA;Bosa Milano;Netherlands;196733513.13;196733513.13;7440740.0;7.4;24.1;19.7;EUR;MIB;STELLANTIS NV;STLA
STMICROELECTRONICS;EUR;Stock;Ordinary Shares;Euronext Milan;NL0000226223;10, Technology;1010, Technology;101020, Technology Hardware and Equipment;10102010, Semiconductors;;4.0;9.0;36633590000.0;27.9849;;;;;0.444;2878880.081;;Stmicroelectronics Nv;NL0000226223;STM;Euronext Paris;Netherlands;53411712.575;53411712.575;1334676.0;13.0;28.5;23.0;EUR;CAC_40;STMICROELECTRONICS NV;STM
STMICROELECTRONICS;EUR;Stock;Ordinary Shares;Euronext Milan;NL0000226223;10, Technology;1010, Technology;101020, Technology Hardware and Equipment;10102010, Semiconductors;;4.0;9.0;36633590000.0;27.9849;;;;;0.444;2878880.081;;Stmicroelectronics Nv;NL0000226223;STM;Euronext Paris;Netherlands;53411712.575;53411712.575;1334676.0;13.0;28.5;23.0;EUR;CAC_40;STMICROELECTRONICS NV;STM
STMICROELECTRONICS;EUR;Stock;Ordinary Shares;Euronext Milan;NL0000226223;10, Technology;1010, Technology;101020, Technology Hardware and Equipment;10102010, Semiconductors;;4.0;9.0;36633590000.0;27.9849;;;;;0.444;2878880.081;;Stmicroelectronics Nv;NL0000226223;STM;Euronext Paris;Netherlands;53411712.575;53411712.575;1334676.0;13.0;28.5;23.0;EUR;MIB;STMICROELECTRONICS NV;STM
STMICROELECTRONICS;EUR;Stock;Ordinary Shares;Euronext Milan;NL0000226223;10, Technology;1010, Technology;101020, Technology Hardware and Equipment;10102010, Semiconductors;;4.0;9.0;36633590000.0;27.9849;;;;;0.444;2878880.081;;Stmicroelectronics Nv;NL0000226223;STM;Euronext Paris;Netherlands;53411712.575;53411712.575;1334676.0;13.0;28.5;23.0;EUR;MIB;STMICROELECTRONICS NV;STM
STMICROELECTRONICS;EUR;Stock;Ordinary Shares;Euronext Milan;NL0000226223;10, Technology;1010, Technology;101020, Technology Hardware and Equipment;10102010, Semiconductors;;4.0;9.0;36633590000.0;27.9849;;;;;0.444;2878880.081;;Stmicroelectronics Nv;NL0000226223;STM;Euronext Paris;Netherlands;83107070.94;83107070.94;2072125.0;13.0;28.5;23.0;EUR;CAC_40;STMICROELECTRONICS NV;STM
STMICROELECTRONICS;EUR;Stock;Ordinary Shares;Euronext Milan;NL0000226223;10, Technology;1010, Technology;101020, Technology Hardware and Equipment;10102010, Semiconductors;;4.0;9.0;36633590000.0;27.9849;;;;;0.444;2878880.081;;Stmicroelectronics Nv;NL0000226223;STM;Euronext Paris;Netherlands;83107070.94;83107070.94;2072125.0;13.0;28.5;23.0;EUR;CAC_40;STMICROELECTRONICS NV;STM
STMICROELECTRONICS;EUR;Stock;Ordinary Shares;Euronext Milan;NL0000226223;10, Technology;1010, Technology;101020, Technology Hardware and Equipment;10102010, Semiconductors;;4.0;9.0;36633590000.0;27.9849;;;;;0.444;2878880.081;;Stmicroelectronics Nv;NL0000226223;STM;Euronext Paris;Netherlands;83107070.94;83107070.94;2072125.0;13.0;28.5;23.0;EUR;MIB;STMICROELECTRONICS NV;STM
STMICROELECTRONICS;EUR;Stock;Ordinary Shares;Euronext Milan;NL0000226223;10, Technology;1010, Technology;101020, Technology Hardware and Equipment;10102010, Semiconductors;;4.0;9.0;36633590000.0;27.9849;;;;;0.444;2878880.081;;Stmicroelectronics Nv;NL0000226223;STM;Euronext Paris;Netherlands;83107070.94;83107070.94;2072125.0;13.0;28.5;23.0;EUR;MIB;STMICROELECTRONICS NV;STM
STMICROELECTRONICS;EUR;Stock;Ordinary Shares;Euronext Milan;NL0000226223;10, Technology;1010, Technology;101020, Technology Hardware and Equipment;10102010, Semiconductors;;4.0;9.0;36633590000.0;27.9849;;;;;0.444;2878880.081;;Stmicroelectronics Nv;NL0000226223;STM;Bosa Milano;Netherlands;53411712.575;53411712.575;1334676.0;12.8;25.9;23.2;EUR;CAC_40;STMICROELECTRONICS NV;STM
STMICROELECTRONICS;EUR;Stock;Ordinary Shares;Euronext Milan;NL0000226223;10, Technology;1010, Technology;101020, Technology Hardware and Equipment;10102010, Semiconductors;;4.0;9.0;36633590000.0;27.9849;;;;;0.444;2878880.081;;Stmicroelectronics Nv;NL0000226223;STM;Bosa Milano;Netherlands;53411712.575;53411712.575;1334676.0;12.8;25.9;23.2;EUR;CAC_40;STMICROELECTRONICS NV;STM
STMICROELECTRONICS;EUR;Stock;Ordinary Shares;Euronext Milan;NL0000226223;10, Technology;1010, Technology;101020, Technology Hardware and Equipment;10102010, Semiconductors;;4.0;9.0;36633590000.0;27.9849;;;;;0.444;2878880.081;;Stmicroelectronics Nv;NL0000226223;STM;Bosa Milano;Netherlands;53411712.575;53411712.575;1334676.0;12.8;25.9;23.2;EUR;MIB;STMICROELECTRONICS NV;STM
STMICROELECTRONICS;EUR;Stock;Ordinary Shares;Euronext Milan;NL0000226223;10, Technology;1010, Technology;101020, Technology Hardware and Equipment;10102010, Semiconductors;;4.0;9.0;36633590000.0;27.9849;;;;;0.444;2878880.081;;Stmicroelectronics Nv;NL0000226223;STM;Bosa Milano;Netherlands;53411712.575;53411712.575;1334676.0;12.8;25.9;23.2;EUR;MIB;STMICROELECTRONICS NV;STM
STMICROELECTRONICS;EUR;Stock;Ordinary Shares;Euronext Milan;NL0000226223;10, Technology;1010, Technology;101020, Technology Hardware and Equipment;10102010, Semiconductors;;4.0;9.0;36633590000.0;27.9849;;;;;0.444;2878880.081;;Stmicroelectronics Nv;NL0000226223;STM;Bosa Milano;Netherlands;83107070.94;83107070.94;2072125.0;12.8;25.9;23.2;EUR;CAC_40;STMICROELECTRONICS NV;STM
STMICROELECTRONICS;EUR;Stock;Ordinary Shares;Euronext Milan;NL0000226223;10, Technology;1010, Technology;101020, Technology Hardware and Equipment;10102010, Semiconductors;;4.0;9.0;36633590000.0;27.9849;;;;;0.444;2878880.081;;Stmicroelectronics Nv;NL0000226223;STM;Bosa Milano;Netherlands;83107070.94;83107070.94;2072125.0;12.8;25.9;23.2;EUR;CAC_40;STMICROELECTRONICS NV;STM
STMICROELECTRONICS;EUR;Stock;Ordinary Shares;Euronext Milan;NL0000226223;10, Technology;1010, Technology;101020, Technology Hardware and Equipment;10102010, Semiconductors;;4.0;9.0;36633590000.0;27.9849;;;;;0.444;2878880.081;;Stmicroelectronics Nv;NL0000226223;STM;Bosa Milano;Netherlands;83107070.94;83107070.94;2072125.0;12.8;25.9;23.2;EUR;MIB;STMICROELECTRONICS NV;STM
STMICROELECTRONICS;EUR;Stock;Ordinary Shares;Euronext Milan;NL0000226223;10, Technology;1010, Technology;101020, Technology Hardware and Equipment;10102010, Semiconductors;;4.0;9.0;36633590000.0;27.9849;;;;;0.444;2878880.081;;Stmicroelectronics Nv;NL0000226223;STM;Bosa Milano;Netherlands;83107070.94;83107070.94;2072125.0;12.8;25.9;23.2;EUR;MIB;STMICROELECTRONICS NV;STM
TELECOM ITALIA;EUR;Stock;Ordinary Shares;Euronext Milan;IT0003497168;15, Telecommunications;1510, Telecommunications;151020, Telecommunications Service Providers;15102015, Telecommunications Services;53.75;6.0;15.0;3591990000.0;133.6323;0.38;0.28;;0.03;0.4;2671000.0;;Telecom Italia;IT0003497168;TIT;Bosa Milano;Italy;33292500.825;33292500.825;147625871.0;1.4;;2.7;EUR;MIB;TELECOM ITALIA;TIT
TERNA;EUR;Stock;Ordinary Shares;Euronext Milan;IT0003242622;65, Utilities;6510, Utilities;651010, Electricity;65101015, Conventional Electricity;36.0;6.0;13.0;15627350000.0;141.369684;0.161;0.237;0.19;;0.461;257855.04;0.018;Terna Rete Elettrica Nazionale Spa;IT0003242622;TRN;Bosa Milano;Italy;28057808.69;28057808.69;3654952.0;4.0;14.1;8.1;EUR;MIB;TERNA RETE ELETTRICA NAZIONALE SPA;TRN
UNIPOL;EUR;Stock;Ordinary Shares;Euronext Milan;IT0004810054;30, Financials;3030, Insurance;303020, Non-life Insurance;30302010, Full Line Insurance;15.72;6.0;15.0;6241310000.0;509.708945;0.543;0.162;0.09;;0.4;147441.785;0.027;Unipol Gruppo;IT0004810054;UFGSY;Bosa Milano;Italy;11482654.042;11482654.042;1480777.0;1.9;14.5;15.2;EUR;MIB;UNIPOL GRUPPO;UFGSY
