Name;Currency;Type;Sub type;Market;ISIN Code;Industry;SuperSector;Sector;Subsector;Average training hours per employee;Number of female board members;Number of board members;Market Cap in USD;Carbon footprint (total GHG emissions / enterprise value)_in_USD;Share of women in total workforce in %;Share of women in management bodies in %;Gender pay gap in %;Rate of employees with disabilities in %;Board gender diversity (female board members / total board members) in %;Total energy consumption in mwh;Rate of resignation in %
ACCOR;EUR;Stock;Ordinary Shares;Euronext Paris;FR0000120404;40, Consumer Discretionary;4050, Travel and Leisure;405010, Travel and Leisure;40501025, Hotels and Motels;;8.0;13.0;10331920000.0;572.6319;;;;;0.615;13712000.0;
AIR LIQUIDE;EUR;Stock;Ordinary Shares;Euronext Paris;FR0000120073;55, Basic Materials;5520, Chemicals;552010, Chemicals;55201020, Specialty Chemicals;20.0;5.0;14.0;105136060000.0;;0.28;0.3;;0.045;0.357;;0.086
AIRBUS SE;EUR;Stock;Ordinary Shares;Euronext Paris;NL0000235190;50, Industrials;5020, Industrial Goods and Services;502010, Aerospace and Defense;50201010, Aerospace;15.0;4.0;12.0;136164990000.00002;;0.2;;;;0.333;3717000.0;
ARCELORMITTAL SA;EUR;Stock;Ordinary Shares;Euronext Amsterdam;LU1598757687;55, Basic Materials;5510, Basic Resources;551020, Industrial Metals and Mining;55102010, Iron and Steel;;3.0;10.0;21754170000.0;3373.201;;0.157;;;0.3;386666976.0;
AXA;EUR;Stock;Ordinary Shares;Euronext Paris;FR0000120628;30, Financials;3030, Insurance;303020, Non-life Insurance;30302010, Full Line Insurance;;9.0;16.0;82540870000.0;2.7178;;0.353;;0.007;0.563;223638.0;0.1
BNP PARIBAS ACT.A;EUR;Stock;Ordinary Shares;Euronext Paris;FR0000131104;30, Financials;3010, Banks;301010, Banks;30101010, Banks;24.2;7.0;13.0;80076660000.0;;0.51;;;0.027;0.538;830000.0;
BOUYGUES;EUR;Stock;Ordinary Shares;Euronext Paris;FR0000120503;50, Industrials;5010, Construction and Materials;501010, Construction and Materials;50101010, Construction;;8.0;14.0;14690030000.0;767.1686000000001;;;;;0.571;;
CAPGEMINI;EUR;Stock;Ordinary Shares;Euronext Paris;FR0000125338;10, Technology;1010, Technology;101010, Software and Computer Services;10101010, Computer Services;52.4;6.0;15.0;37140770000.0;23.668400000000002;0.388;0.273;;0.012;0.4;201053.0;
CARREFOUR;EUR;Stock;Ordinary Shares;Euronext Paris;FR0000120172;45, Consumer Staples;4520, Personal Care, Drug and Grocery Stores;452010, Personal Care, Drug and Grocery Stores;45201010, Food Retailers and Wholesalers;9.2;7.0;15.0;11936920000.0;;0.55;0.308;;0.043;0.467;4556990.0;0.158
CREDIT AGRICOLE;EUR;Stock;Ordinary Shares;Euronext Paris;FR0000045072;30, Financials;3010, Banks;301010, Banks;30101010, Banks;33.5;10.0;21.0;44858680000.0;;0.522;0.353;;0.054;0.476;398861.0;0.04
DANONE;EUR;Stock;Ordinary Shares;Euronext Paris;FR0000120644;45, Consumer Staples;4510, Food, Beverage and Tobacco;451020, Food Producers;45102020, Food Products;;;;42715470000.0;;;;;;;;
DASSAULT SYSTEMES;EUR;Stock;Ordinary Shares;Euronext Paris;FR0014003TT8;10, Technology;1010, Technology;101010, Software and Computer Services;10101015, Software;27.9;6.0;12.0;54964830000.0;3.915023;0.281;0.385;;0.027;0.5;82766.0;
EDENRED;EUR;Stock;Ordinary Shares;Euronext Paris;FR0010908533;50, Industrials;5020, Industrial Goods and Services;502050, Industrial Support Services;50205015, Transaction Processing Services;22.1;6.0;12.0;12471920000.0;6.591200000000001;0.52;0.37;;0.055;0.5;11713829.0;
ENGIE;EUR;Stock;Ordinary Shares;Euronext Paris;FR0010208488;65, Utilities;6510, Utilities;651020, Gas, Water and Multi-utilities;65102000, Multi-utilities;28.0;7.0;14.0;41275250000.0;1848.9386000000002;0.265;0.4;0.019;0.035;0.5;217479000.0;0.054
ESSILORLUXOTTICA;EUR;Stock;Ordinary Shares;Euronext Paris;FR0000121667;20, Health Care;2010, Health Care;201020, Medical Equipment and Services;20102015, Medical Supplies;19.2;6.0;14.0;99406210000.0;14.0384;0.6;0.39;;;0.429;2149000.0;
EUROFINS SCIENT.;EUR;Stock;Ordinary Shares;Euronext Paris;FR0014000MR3;20, Health Care;2010, Health Care;201020, Medical Equipment and Services;20102020, Medical Services;;4.0;8.0;12331750000.0;34.143914;0.57;0.21;;;0.5;742007.0;
HERMES INTL;EUR;Stock;Ordinary Shares;Euronext Paris;FR0000052292;40, Consumer Discretionary;4020, Consumer Products and Services;402040, Personal Goods;40204020, Clothing and Accessories;21.0;7.0;14.0;263646930000.00003;;0.67;0.4;;0.069;0.5;209100.0;
KERING;EUR;Stock;Ordinary Shares;Euronext Paris;FR0000121485;40, Consumer Discretionary;4020, Consumer Products and Services;402040, Personal Goods;40204020, Clothing and Accessories;13.1;7.0;11.0;44893990000.0;42.4362;0.63;0.42;0.142;0.015;0.636;351130.0;
L'OREAL;EUR;Stock;Ordinary Shares;Euronext Paris;FR0000120321;40, Consumer Discretionary;4020, Consumer Products and Services;402040, Personal Goods;40204035, Cosmetics;36.7;7.0;16.0;242280100000.0;49.284200000000006;0.68;0.32;0.007;0.019;0.438;935591.0;
LEGRAND;EUR;Stock;Ordinary Shares;Euronext Paris;FR0010307819;50, Industrials;5020, Industrial Goods and Services;502020, Electronic and Electrical Equipment;50202010, Electrical Components;22.0;6.0;14.0;27149110000.0;468.1464;;0.25;;0.024;0.429;384000.0;0.066
LVMH;EUR;Stock;Ordinary Shares;Euronext Paris;FR0000121014;40, Consumer Discretionary;4020, Consumer Products and Services;402040, Personal Goods;40204020, Clothing and Accessories;;7.0;16.0;428608830000.0;2.0116;0.71;;;0.016;0.438;1939763.0;0.165
MICHELIN;EUR;Stock;Ordinary Shares;Euronext Paris;FR001400AJ45;40, Consumer Discretionary;4010, Automobiles and Parts;401010, Automobiles and Parts;40101015, Tires;41.0;5.0;11.0;26713620000.0;;0.199;0.445;;0.069;0.455;10844175.342;0.054
ORANGE;EUR;Stock;Ordinary Shares;Euronext Paris;FR0000133308;15, Telecommunications;1510, Telecommunications;151020, Telecommunications Service Providers;15102015, Telecommunications Services;21.1;6.0;15.0;30270300000.0;;0.362;0.341;0.012;0.07;0.4;10620414.0;0.043
PERNOD RICARD;EUR;Stock;Ordinary Shares;Euronext Paris;FR0000120693;45, Consumer Staples;4510, Food, Beverage and Tobacco;451010, Beverages;45101015, Distillers and Vintners;22.47;8.0;14.0;39291470000.0;81.447116;0.4;0.353;0.013;0.035;0.571;1635242.0;0.085
PUBLICIS GROUPE SA;EUR;Stock;Ordinary Shares;Euronext Paris;FR0000130577;40, Consumer Discretionary;4030, Media;403010, Media;40301020, Media Agencies;21.0;5.0;13.0;27524680000.0;11.3955;0.513;0.425;;0.015;0.385;111864.0;
RENAULT;EUR;Stock;Ordinary Shares;Euronext Paris;FR0000131906;40, Consumer Discretionary;4010, Automobiles and Parts;401010, Automobiles and Parts;40101020, Automobiles;22.4;5.0;16.0;15321330000.0;1273.5033;0.22;0.356;0.0;0.032;0.313;3884241.0;
SAFRAN;EUR;Stock;Ordinary Shares;Euronext Paris;FR0000073272;50, Industrials;5020, Industrial Goods and Services;502010, Aerospace and Defense;50201010, Aerospace;31.0;7.0;16.0;95182920000.0;;0.293;0.263;;0.052;0.438;2143484.0;0.077
SAINT GOBAIN;EUR;Stock;Ordinary Shares;Euronext Paris;FR0000125007;50, Industrials;5010, Construction and Materials;501010, Construction and Materials;50101035, Building Materials: Other;17.2;7.0;14.0;38616300000.0;867.6416;0.237;0.375;0.009;0.019;0.5;41854000.0;0.086
SANOFI;EUR;Stock;Ordinary Shares;Euronext Paris;FR0000120578;20, Health Care;2010, Health Care;201030, Pharmaceuticals and Biotechnology;20103015, Pharmaceuticals;;;;115493660000.0;;;;;;;;
SCHNEIDER ELECTRIC SE;EUR;Stock;Ordinary Shares;Euronext Paris;FR0000121972;50, Industrials;5020, Industrial Goods and Services;502020, Electronic and Electrical Equipment;50202010, Electrical Components;24.1;7.0;14.0;132210270000.00002;763.2417;0.33;0.41;0.03;;0.5;1201276.0;0.085
SOCIETE GENERALE;EUR;Stock;Ordinary Shares;Euronext Paris;FR0000130809;30, Financials;3010, Banks;301010, Banks;30101010, Banks;;7.0;15.0;21182790000.0;;;;;;0.467;454210.0;
STELLANTIS NV;EUR;Stock;Ordinary Shares;Euronext Paris;NL00150001Q9;40, Consumer Discretionary;4010, Automobiles and Parts;401010, Automobiles and Parts;40101020, Automobiles;;3.0;11.0;82315100000.0;6858.244394;;;;;0.273;15494891.0;
STMICROELECTRONICS;EUR;Stock;Ordinary Shares;Euronext Paris;NL0000226223;10, Technology;1010, Technology;101020, Technology Hardware and Equipment;10102010, Semiconductors;;4.0;9.0;36780180000.0;27.9849;;;;;0.444;2878880.081;
TELEPERFORMANCE;EUR;Stock;Ordinary Shares;Euronext Paris;FR0000051807;50, Industrials;5020, Industrial Goods and Services;502050, Industrial Support Services;50205020, Professional Business Support Services;;7.0;16.0;5892490000.0;25.5623;;;;;0.438;317975.0;
THALES;EUR;Stock;Ordinary Shares;Euronext Paris;FR0000121329;50, Industrials;5020, Industrial Goods and Services;502010, Aerospace and Defense;50201020, Defense;;;;34986860000.0;;;;;;;;
TOTALENERGIES;EUR;Stock;Ordinary Shares;Euronext Paris;FR0000120271;60, Energy;6010, Energy;601010, Oil, Gas and Coal;60101000, Integrated Oil and Gas;48.64;6.0;14.0;171981100000.0;1880.7629;0.363;0.275;;0.06;0.429;167000000.0;0.091
UNIBAIL-RODAMCO-WESTFIELD;EUR;Stock;Ordinary Shares;Euronext Paris;FR0013326246;35, Real Estate;3510, Real Estate;351020, Real Estate Investment Trusts;35102045, Retail REITs;19.0;6.0;10.0;11050960000.0;80.6352;0.542;0.167;0.043;0.008;0.6;592834.0;0.094
VEOLIA ENVIRON.;EUR;Stock;Ordinary Shares;Euronext Paris;FR0000124141;65, Utilities;6510, Utilities;651020, Gas, Water and Multi-utilities;65102030, Water;26.0;7.0;13.0;22199290000.0;1396.880613;0.223;0.222;;0.024;0.538;122000000.0;0.086
VINCI;EUR;Stock;Ordinary Shares;Euronext Paris;FR0000125486;50, Industrials;5010, Construction and Materials;501010, Construction and Materials;50101010, Construction;21.5;6.0;14.0;71348670000.0;468.4781;0.168;0.195;;0.018;0.429;10686843.0;0.104
VIVENDI SE;EUR;Stock;Ordinary Shares;Euronext Paris;FR0000127771;40, Consumer Discretionary;4030, Media;403010, Media;40301035, Radio and TV Broadcasters;10.9;7.0;13.0;10878690000.0;10.645216000000001;0.54;0.38;;0.01;0.538;155136.0;0.52
ABN AMRO BANK N.V.;EUR;Stock;Cooperative Investment Certificate;Euronext Amsterdam;NL0011540547;30, Financials;3010, Banks;301010, Banks;30101010, Banks;;;;8107390000.0;;;;;;;;
ADYEN;EUR;Stock;Ordinary Shares;Euronext Amsterdam;NL0012969182;50, Industrials;5020, Industrial Goods and Services;502050, Industrial Support Services;50205015, Transaction Processing Services;;2.0;5.0;47949910000.0;1.5515;0.38;0.27;;;0.4;;
AEGON;EUR;Stock;Ordinary Shares;Euronext Amsterdam;BMG0112X1056;30, Financials;3030, Insurance;303010, Life Insurance;30301010, Life Insurance;;4.0;9.0;10854080000.0;1.4017000000000002;0.51;0.38;;;0.444;40744.0;0.1
KONINKLIJKE AHOLD DELHAIZE N.V.;EUR;Stock;Ordinary Shares;Euronext Amsterdam;NL0011794037;45, Consumer Staples;4520, Personal Care, Drug and Grocery Stores;452010, Personal Care, Drug and Grocery Stores;45201010, Food Retailers and Wholesalers;;4.0;9.0;27406980000.0;;0.52;0.25;;;0.444;6812000.0;
AKZO NOBEL;EUR;Stock;Ordinary Shares;Euronext Amsterdam;NL0013267909;55, Basic Materials;5520, Chemicals;552010, Chemicals;55201020, Specialty Chemicals;2.5;3.0;8.0;12102770000.0;;0.27;;;;0.375;1644445.76;0.07
ARCELORMITTAL SA;EUR;Stock;Ordinary Shares;Euronext Amsterdam;LU1598757687;55, Basic Materials;5510, Basic Resources;551020, Industrial Metals and Mining;55102010, Iron and Steel;;3.0;10.0;21754170000.0;3373.201;;0.157;;;0.3;386666976.0;
ASM International N.V.;EUR;Stock;Ordinary Shares;Euronext Amsterdam;NL0000334118;10, Technology;1010, Technology;101020, Technology Hardware and Equipment;10102020, Production Technology Equipment;;3.0;6.0;29046220000.0;;0.17;;0.02;;0.5;87370.0;0.062
ASML HOLDING;EUR;Stock;Ordinary Shares;Euronext Amsterdam;NL0010273215;10, Technology;1010, Technology;101020, Technology Hardware and Equipment;10102020, Production Technology Equipment;60.0;4.0;9.0;358163240000.0;57.618109000000004;0.2;;;;0.444;480278.162;
ASR NEDERLAND;EUR;Stock;Ordinary Shares;Euronext Amsterdam;NL0011872643;30, Financials;3030, Insurance;303020, Non-life Insurance;30302010, Full Line Insurance;;;;10297680000.0;;;;;;;;
BE Semiconductor Industries N.V.;EUR;Stock;Ordinary Shares;Euronext Amsterdam;NL0012866412;10, Technology;1010, Technology;101020, Technology Hardware and Equipment;10102010, Semiconductors;31.0;2.0;5.0;12042850000.0;1.4017000000000002;0.17;0.17;;;0.4;22000.0;
DSM FIRMENICH AG;EUR;Stock;Ordinary Shares;Euronext Amsterdam;CH1216478797;45, Consumer Staples;4510, Food, Beverage and Tobacco;451020, Food Producers;45102020, Food Products;;4.0;12.0;29024820000.0;;0.37;0.333;;;0.333;;0.036
EXOR;EUR;Stock;Ordinary Shares;Euronext Amsterdam;NL0012059018;30, Financials;3020, Financial Services;302020, Investment Banking and Brokerage Services;30202000, Diversified Financial Services;;3.0;9.0;24023640000.0;0.030174;0.5;0.5;;;0.333;;
HEINEKEN;EUR;Stock;Ordinary Shares;Euronext Amsterdam;NL0000009165;45, Consumer Staples;4510, Food, Beverage and Tobacco;451010, Beverages;45101010, Brewers;6.24;4.0;9.0;54372050000.0;224.93754;0.24;0.28;;;0.444;7009000.0;
IMCD;EUR;Stock;Ordinary Shares;Euronext Amsterdam;NL0010801007;55, Basic Materials;5520, Chemicals;552010, Chemicals;55201020, Specialty Chemicals;14.0;2.0;5.0;9329330000.0;38.8624;0.54;0.14;;;0.4;35607.251;
ING GROEP N.V.;EUR;Stock;Ordinary Shares;Euronext Amsterdam;NL0011821202;30, Financials;3010, Banks;301010, Banks;30101010, Banks;;3.0;9.0;53380160000.0;;;0.333;;;0.333;;
KPN KON;EUR;Stock;Ordinary Shares;Euronext Amsterdam;NL0000009082;15, Telecommunications;1510, Telecommunications;151020, Telecommunications Service Providers;15102015, Telecommunications Services;37.2;4.0;8.0;14356190000.0;48.42445500000001;0.221;;0.022;;0.5;565556008.0;
NN GROUP;EUR;Stock;Ordinary Shares;Euronext Amsterdam;NL0010773842;30, Financials;3030, Insurance;303010, Life Insurance;30301010, Life Insurance;;3.0;7.0;13042230000.0;0.39590000000000003;0.5;0.4;0.28;;0.429;33000.0;
KON.PHILIPS N.V.;EUR;Stock;Ordinary Shares;Euronext Amsterdam;NL0000009538;20, Health Care;2010, Health Care;201020, Medical Equipment and Services;20102010, Medical Equipment;;;;18415770000.0;;;;;;;;
PROSUS;EUR;Stock;Ordinary Shares;Euronext Amsterdam;NL0013654783;10, Technology;1010, Technology;101010, Software and Computer Services;10101020, Consumer Digital Services;;6.0;16.0;79191770000.0;0.2568;0.429;;;;0.375;94795.0;
Randstad N.V.;EUR;Stock;Ordinary Shares;Euronext Amsterdam;NL0000379121;50, Industrials;5020, Industrial Goods and Services;502050, Industrial Support Services;50205025, Business Training and Employment Agencies;18.6;3.0;7.0;9349660000.0;21.701205;0.67;0.23;;0.281;0.429;;
RELX;EUR;Stock;Ordinary Shares;Euronext Amsterdam;GB00B2B0DG97;40, Consumer Discretionary;4030, Media;403010, Media;40301030, Publishing;13.86;4.0;10.0;79541660000.0;1.063125;0.5;0.31;;;0.4;110750.0;0.084
SHELL PLC;EUR;Stock;Ordinary Shares;Euronext Amsterdam;GB00BP6MXD84;60, Energy;6010, Energy;601010, Oil, Gas and Coal;60101000, Integrated Oil and Gas;;6.0;11.0;233577790000.0;4267.5616;0.33;0.304;0.207;;0.545;199000000.0;0.05
UNIVERSAL MUSIC GROUP;EUR;Stock;Ordinary Shares;Euronext Amsterdam;NL0015000IY2;40, Consumer Discretionary;4030, Media;403010, Media;40301010, Entertainment;;;;52633300000.0;;;;;;;;
UNILEVER PLC;EUR;Stock;Ordinary Shares;Euronext Amsterdam;GB00B10RZP78;45, Consumer Staples;4520, Personal Care, Drug and Grocery Stores;452010, Personal Care, Drug and Grocery Stores;45201020, Personal Products;;5.0;13.0;124696730000.0;0.0;0.36;0.23;;;0.385;;
WOLTERS KLUWER;EUR;Stock;Ordinary Shares;Euronext Amsterdam;NL0000395903;40, Consumer Discretionary;4030, Media;403010, Media;40301030, Publishing;;;;37666140000.0;;;;;;;;
AB INBEV;EUR;Stock;Ordinary Shares;Euronext Brussels;BE0974293251;45, Consumer Staples;4510, Food, Beverage and Tobacco;451010, Beverages;45101010, Brewers;;5.0;15.0;104149520000.0;142.249;0.22;0.28;;;0.333;15402790.1;
ACKERMANS V.HAAREN;EUR;Stock;Ordinary Shares;Euronext Brussels;BE0003764785;30, Financials;3020, Financial Services;302020, Investment Banking and Brokerage Services;30202000, Diversified Financial Services;;4.0;12.0;5709520000.0;0.032100000000000004;0.449;0.143;;;0.333;;
AEDIFICA;EUR;Stock;Ordinary Shares;Euronext Brussels;BE0003851681;35, Real Estate;3510, Real Estate;351020, Real Estate Investment Trusts;35102010, Health Care REITs;20.2;5.0;12.0;2940360000.0;9.412255;0.372;0.2;0.19;;0.417;;
AGEAS;EUR;Stock;Ordinary Shares;Euronext Brussels;BE0974264930;30, Financials;3030, Insurance;303010, Life Insurance;30301010, Life Insurance;;;;8672350000.0;;;;;;;;
ARGENX SE;EUR;Stock;Ordinary Shares;Euronext Brussels;NL0010832176;20, Health Care;2010, Health Care;201030, Pharmaceuticals and Biotechnology;20103010, Biotechnology;;3.0;9.0;21747750000.0;;0.63;0.39;;;0.333;;0.043
COFINIMMO;EUR;Stock;Ordinary Shares;Euronext Brussels;BE0003593044;35, Real Estate;3510, Real Estate;351020, Real Estate Investment Trusts;35102010, Health Care REITs;40.5;4.0;13.0;2449230000.0;9.63;0.53;0.4;;;0.308;260619.0;
D'IETEREN GROUP;EUR;Stock;Ordinary Shares;Euronext Brussels;BE0974259880;40, Consumer Discretionary;4010, Automobiles and Parts;401010, Automobiles and Parts;40101010, Auto Services;33.9;3.0;10.0;11816010000.0;8.504788000000001;0.5;0.23;;;0.3;453.3;
ELIA GROUP;EUR;Stock;Ordinary Shares;Euronext Brussels;BE0003822393;65, Utilities;6510, Utilities;651010, Electricity;65101015, Conventional Electricity;18.46;4.0;14.0;7300610000.0;186.233607;0.229;0.229;;;0.286;;
GALAPAGOS;EUR;Stock;Ordinary Shares;Euronext Amsterdam;BE0003818359;20, Health Care;2010, Health Care;201030, Pharmaceuticals and Biotechnology;20103010, Biotechnology;;3.0;9.0;1902460000.0;17.7513;0.56;0.43;;;0.333;18687.0;0.12
GBL;EUR;Stock;Ordinary Shares;Euronext Brussels;BE0003797140;30, Financials;3020, Financial Services;302020, Investment Banking and Brokerage Services;30202000, Diversified Financial Services;9.5;5.0;13.0;10964290000.0;140334.656094;0.71;0.25;;;0.385;;
KBC;EUR;Stock;Ordinary Shares;Euronext Brussels;BE0003565737;30, Financials;3010, Banks;301010, Banks;30101010, Banks;;6.0;16.0;31255770000.0;;0.57;0.14;;;0.375;;
LOTUS BAKERIES;EUR;Stock;Ordinary Shares;Euronext Brussels;BE0003604155;45, Consumer Staples;4510, Food, Beverage and Tobacco;451020, Food Producers;45102020, Food Products;15.0;3.0;10.0;7866640000.0;;0.51;0.44;;;0.3;184477.0;
MELEXIS;EUR;Stock;Ordinary Shares;Euronext Brussels;BE0165385973;10, Technology;1010, Technology;101020, Technology Hardware and Equipment;10102010, Semiconductors;;;;3075180000.0;;;;;;;;
SOFINA;EUR;Stock;Ordinary Shares;Euronext Brussels;BE0003717312;30, Financials;3020, Financial Services;302020, Investment Banking and Brokerage Services;30202010, Asset Managers and Custodians;;;;7761780000.0;;;;;;;;
SOLVAY;EUR;Stock;Ordinary Shares;Euronext Brussels;BE0003470755;55, Basic Materials;5520, Chemicals;552010, Chemicals;55201000, Chemicals: Diversified;12.1;7.0;15.0;581604920.0;2835.035727;0.24;0.265;0.04;;0.467;35277806.0;
SYENSQO;EUR;Stock;Ordinary Shares;Euronext Brussels;BE0974464977;55, Basic Materials;5510, Basic Resources;551010, Industrial Materials;55101000, Diversified Materials;;;;5797260000.0;;;;;;;;
UCB;EUR;Stock;Ordinary Shares;Euronext Brussels;BE0003739530;20, Health Care;2010, Health Care;201030, Pharmaceuticals and Biotechnology;20103015, Pharmaceuticals;36.0;5.0;13.0;24974870000.0;5.912071;0.511;0.38;;;0.385;259055.763;0.054
UMICORE;EUR;Stock;Ordinary Shares;Euronext Brussels;BE0974320526;55, Basic Materials;5520, Chemicals;552010, Chemicals;55201020, Specialty Chemicals;46.6;4.0;10.0;5568280000.0;879.528016;0.234;0.137;;;0.4;2027779.4;0.065
WAREHOUSES DE PAUW;EUR;Stock;Ordinary Shares;Euronext Brussels;BE0974349814;35, Real Estate;3510, Real Estate;351020, Real Estate Investment Trusts;35102020, Industrial REITs;23.55;2.0;6.0;5864670000.0;32.335507;0.43;0.0;0.014;;0.333;368487596.0;0.02
ALTRI SGPS;EUR;Stock;Ordinary Shares;Euronext Lisbon;PTALT0AE0002;55, Basic Materials;5510, Basic Resources;551010, Industrial Materials;55101015, Paper;29.0;4.0;12.0;1081770000.0;281.28224200000005;0.18;0.24;;;0.333;4707447.377;
B.C.P.-BCO COMERCIAL PORTUGUES;EUR;Stock;Ordinary Shares;Euronext Lisbon;PTBCP0AM0015;30, Financials;3010, Banks;301010, Banks;30101010, Banks;45.0;4.0;17.0;5068590000.0;;0.55;0.25;;0.014;0.235;86666.736;
Corticeira Amorim-SGPS;EUR;Stock;Ordinary Shares;Euronext Lisbon;PTCOR0AE0006;50, Industrials;5020, Industrial Goods and Services;502030, General Industrials;50203030, Containers and Packaging;18.0;4.0;10.0;1379230000.0;179.590405;0.26;0.26;0.001;;0.4;504409.015;
CTT-CORREIOS DE PORTUGAL, SA;EUR;Stock;Ordinary Shares;Euronext Lisbon;PTCTT0AM0001;50, Industrials;5020, Industrial Goods and Services;502060, Industrial Transportation;50206040, Delivery Services;12.5;4.0;11.0;697570450.0;20.6938;0.39;0.399;0.01;0.023;0.364;100952025.206;
EDP;EUR;Stock;Ordinary Shares;Euronext Lisbon;PTEDP0AM0009;65, Utilities;6510, Utilities;651010, Electricity;65101010, Alternative Electricity;28.9;6.0;16.0;16304660000.0;301.6116;0.29;0.4;;0.0;0.375;20793905.524;0.058
EDP RENOVAVEIS;EUR;Stock;Ordinary Shares;Euronext Lisbon;ES0127797019;65, Utilities;6510, Utilities;651010, Electricity;65101010, Alternative Electricity;29.0;5.0;12.0;14210670000.0;91.90230000000001;0.34;0.0;;0.014;0.417;111243.422;0.142
GALP ENERGIA-NOM;EUR;Stock;Ordinary Shares;Euronext Lisbon;PTGAL0AM0009;60, Energy;6010, Energy;601010, Oil, Gas and Coal;60101000, Integrated Oil and Gas;;5.0;18.0;12309280000.0;;0.45;0.25;0.19;;0.278;;
GREENVOLT ENERGIAS RENOVAVEIS S.A.;EUR;Stock;Ordinary Shares;Euronext Lisbon;PTGNV0AM0001;65, Utilities;6510, Utilities;651010, Electricity;65101010, Alternative Electricity;;4.0;11.0;1236920000.0;33.420915;0.4;;;;0.364;2677468.531;
Ibersol-SGPS;EUR;Stock;Ordinary Shares;Euronext Lisbon;PTIBS0AM0008;40, Consumer Discretionary;4050, Travel and Leisure;405010, Travel and Leisure;40501040, Restaurants and Bars;;2.0;5.0;317273190.0;31.717475;0.53;;;;0.4;;
J.MARTINS,SGPS;EUR;Stock;Ordinary Shares;Euronext Lisbon;PTJMT0AE0001;45, Consumer Staples;4520, Personal Care, Drug and Grocery Stores;452010, Personal Care, Drug and Grocery Stores;45201010, Food Retailers and Wholesalers;55.88;4.0;11.0;12059970000.0;1766.3470120000002;0.76;0.669;0.022;0.018;0.364;2080793.331;
MOTA ENGIL;EUR;Stock;Ordinary Shares;Euronext Lisbon;PTMEN0AE0005;50, Industrials;5010, Construction and Materials;501010, Construction and Materials;50101010, Construction;11.1;7.0;15.0;1405980000.0;1403.5832;0.14;0.01;;;0.467;1887065.399;
NOS, SGPS, SA;EUR;Stock;Ordinary Shares;Euronext Lisbon;PTZON0AM0006;15, Telecommunications;1510, Telecommunications;151020, Telecommunications Service Providers;15102015, Telecommunications Services;19.16;5.0;15.0;2000900000.0;0.1391;0.409;0.143;;0.01;0.333;212772.0;
REN;EUR;Stock;Ordinary Shares;Euronext Lisbon;PTREL0AM0008;65, Utilities;6510, Utilities;651010, Electricity;65101015, Conventional Electricity;52.0;5.0;14.0;1570760000.0;66.331761;0.253;0.29;0.017;;0.357;994269.962;
SEMAPA;EUR;Stock;Ordinary Shares;Euronext Lisbon;PTSEM0AM0004;55, Basic Materials;5510, Basic Resources;551010, Industrial Materials;55101015, Paper;29.0;3.0;8.0;1318240000.0;;0.159;0.176;;;0.375;16167851.545;
SONAE;EUR;Stock;Ordinary Shares;Euronext Lisbon;PTSON0AM0001;45, Consumer Staples;4520, Personal Care, Drug and Grocery Stores;452010, Personal Care, Drug and Grocery Stores;45201010, Food Retailers and Wholesalers;21.53;3.0;10.0;1932420000.0;1172.878253;0.66;;0.011;0.007;0.3;806124.812;0.25
THE NAVIGATOR COMP;EUR;Stock;Ordinary Shares;Euronext Lisbon;PTPTI0AM0006;55, Basic Materials;5510, Basic Resources;551010, Industrial Materials;55101015, Paper;41.0;3.0;13.0;3005630000.0;831.3153140000001;0.171;;;;0.231;11434862.203;
AIB GROUP PLC;EUR;Stock;Ordinary Shares;Euronext Dublin;IE00BF0L3536;30, Financials;3010, Banks;301010, Banks;30101010, Banks;30.8;6.0;15.0;14150750000.0;;;0.37;0.189;;0.4;;
BANK OF IRELAND GROUP PLC;EUR;Stock;Ordinary Shares;Euronext Dublin;IE00BD1RP616;30, Financials;3010, Banks;301010, Banks;30101010, Banks;;4.0;11.0;11243560000.0;;;0.46;;;0.364;;
CAIRN HOMES PLC;EUR;Stock;Ordinary Shares;Euronext Dublin;IE00BWY4ZF18;40, Consumer Discretionary;4020, Consumer Products and Services;402020, Household Goods and Home Construction;40202010, Home Construction;;3.0;9.0;1126710000.0;;0.25;0.2;0.195;;0.333;;
CORRE ENERGY B.V.;EUR;Stock;Ordinary Shares;Euronext Growth Dublin;NL0015000DY3;60, Energy;6010, Energy;601020, Alternative Energy;60102020, Renewable Energy Equipment;;0.0;4.0;65889530.00000001;;;;;;0.0;;
CRH PLC;EUR;Stock;Preferred Shares;Euronext Growth Dublin;IE0001827264;50, Industrials;5010, Construction and Materials;501010, Construction and Materials;50101030, Cement;;;;53500.0;;;;;;;;
DALATA HOTEL GROUP PLC;EUR;Stock;Ordinary Shares;Euronext Dublin;IE00BJMZDW83;40, Consumer Discretionary;4050, Travel and Leisure;405010, Travel and Leisure;40501025, Hotels and Motels;10.0;5.0;8.0;1004233520.0;67.585801;;0.45;0.07;;0.625;138650.944;
DATALEX PLC;EUR;Stock;Ordinary Shares;Euronext Growth Dublin;IE0000527006;10, Technology;1010, Technology;101010, Software and Computer Services;10101015, Software;;0.0;7.0;68147230.0;;0.271;0.417;;;0.0;;
DONEGAL INVESTMENT GROUP PLC;EUR;Stock;Ordinary Shares;Euronext Growth Dublin;IE000TIRQBE1;45, Consumer Staples;4510, Food, Beverage and Tobacco;451020, Food Producers;45102010, Farming, Fishing, Ranching and Plantations;;0.0;5.0;26824900.0;;;;;;0.0;;
FBD HOLDINGS PLC;EUR;Stock;Ordinary Shares;Euronext Dublin;IE0003290289;30, Financials;3030, Insurance;303020, Non-life Insurance;30302010, Full Line Insurance;;3.0;11.0;581604920.0;82.1546;0.61;0.3;0.28;;0.273;;
FD TECHNOLOGIES PLC;EUR;Stock;Ordinary Shares;Euronext Growth Dublin;GB0031477770;10, Technology;1010, Technology;101010, Software and Computer Services;10101010, Computer Services;;2.0;7.0;447969410.0;;0.3;;;;0.286;;
GLANBIA PLC;EUR;Stock;Ordinary Shares;Euronext Dublin;IE0000669501;45, Consumer Staples;4510, Food, Beverage and Tobacco;451020, Food Producers;45102020, Food Products;;5.0;14.0;5018300000.0;;0.27;0.38;0.01;;0.357;;
GLENVEAGH PROPERTIES PLC;EUR;Stock;Ordinary Shares;Euronext Dublin;IE00BD6JX574;40, Consumer Discretionary;4020, Consumer Products and Services;402020, Household Goods and Home Construction;40202010, Home Construction;19.0;2.0;7.0;790630490.0;0.3852;0.3;;;;0.286;;
GREAT WESTERN MINING CORPORATION PLC;EUR;Stock;Ordinary Shares;Euronext Growth Dublin;IE00B1FR8863;55, Basic Materials;5510, Basic Resources;551020, Industrial Metals and Mining;55102000, General Mining;;1.0;6.0;3796360.0;;;;;;0.167;;
GREENCOAT RENEWABLES PLC;EUR;Stock;Ordinary Shares;Euronext Growth Dublin;IE00BF2NR112;65, Utilities;6510, Utilities;651010, Electricity;65101010, Alternative Electricity;;;;1044062130.0000001;;;;;;;;
IRISH CONTINENTAL GROUP PLC;EUR;Stock;Units;Euronext Dublin;IE00BLP58571;50, Industrials;5020, Industrial Goods and Services;502060, Industrial Transportation;50206030, Marine Transportation;;2.0;6.0;881840500.0;;0.39;;;;0.333;1870890.386;
IRISH RESIDENTIAL PROPERTIES REIT PLC;EUR;Stock;Ordinary Shares;Euronext Dublin;IE00BJ34P519;35, Real Estate;3510, Real Estate;351020, Real Estate Investment Trusts;35102040, Residential REITs;41.0;3.0;9.0;565516400.0;;0.49;;;;0.333;;
KENMARE RESOURCES PLC;EUR;Stock;Ordinary Shares;Euronext Dublin;IE00BDC5DG00;55, Basic Materials;5510, Basic Resources;551020, Industrial Metals and Mining;55102000, General Mining;44.5;3.0;9.0;383805790.0;366.86;0.16;0.18;;;0.333;435903.0;
KERRY GROUP PLC;EUR;Stock;Ordinary Shares;Euronext Dublin;IE0004906560;45, Consumer Staples;4510, Food, Beverage and Tobacco;451020, Food Producers;45102020, Food Products;7.0;6.0;14.0;14694310000.0;;0.326;0.24;;;0.429;3235078.0;
KINGSPAN GROUP PLC;EUR;Stock;Ordinary Shares;Euronext Dublin;IE0004927939;50, Industrials;5010, Construction and Materials;501010, Construction and Materials;50101035, Building Materials: Other;;4.0;11.0;15872380000.0;708.397887;0.21;0.31;;;0.364;836500.0;
MALIN CORPORATION PLC;EUR;Stock;Ordinary Shares;Euronext Growth Dublin;IE00BVGC3741;20, Health Care;2010, Health Care;201030, Pharmaceuticals and Biotechnology;20103015, Pharmaceuticals;;2.0;6.0;112683840.0;;;;;;0.333;;
MINCON GROUP PLC;EUR;Stock;Ordinary Shares;Euronext Growth Dublin;IE00BD64C665;50, Industrials;5020, Industrial Goods and Services;502040, Industrial Engineering;50204000, Machinery: Industrial;;2.0;8.0;111398770.0;;;;;;0.25;;
ORIGIN ENTERPRISES PLC;EUR;Stock;Ordinary Shares;Euronext Growth Dublin;IE00B1WV4493;45, Consumer Staples;4510, Food, Beverage and Tobacco;451020, Food Producers;45102010, Farming, Fishing, Ranching and Plantations;;3.0;9.0;374074140.0;60767.00686400001;0.27;0.25;;;0.333;12314.0;
OVOCA BIO PLC;EUR;Stock;Ordinary Shares;Euronext Growth Dublin;IE00B4XVDC01;20, Health Care;2010, Health Care;201030, Pharmaceuticals and Biotechnology;20103010, Biotechnology;;2.0;4.0;567905.7100000001;;;;;;0.5;;
PERMANENT TSB GROUP HOLDINGS PLC;EUR;Stock;Ordinary Shares;Euronext Dublin;IE00BWB8X525;30, Financials;3010, Banks;301010, Banks;30101010, Banks;;;;922373170.0;;;;;;;;
RYANAIR HOLDINGS PLC;EUR;Stock;Ordinary Shares;Euronext Dublin;IE00BYTBXV33;40, Consumer Discretionary;4050, Travel and Leisure;405010, Travel and Leisure;40501010, Airlines;;5.0;13.0;25067960000.0;882.5472350000001;0.42;;;;0.385;;
SMURFIT KAPPA GROUP PLC;EUR;Stock;Ordinary Shares;Euronext Dublin;IE00B1RR8406;50, Industrials;5020, Industrial Goods and Services;502030, General Industrials;50203030, Containers and Packaging;;;;11398710000.0;;;;;;;;
UNIPHAR PLC;EUR;Stock;Ordinary Shares;Euronext Growth Dublin;IE00BJ5FQX74;45, Consumer Staples;4520, Personal Care, Drug and Grocery Stores;452010, Personal Care, Drug and Grocery Stores;45201015, Drug Retailers;;;;756607700.0;;;;;;;;
AKER BP;NOK;Stock;Ordinary Shares;Oslo Børs;NO0010345853;60, Energy;6010, Energy;601010, Oil, Gas and Coal;60101010, Oil: Crude Producers;23.3;4.0;12.0;16368534000.0;2572.4275;;;;;0.333;5084936.846;
BW LPG;NOK;Stock;Ordinary Shares;Oslo Børs;BMG173841013;50, Industrials;5020, Industrial Goods and Services;502060, Industrial Transportation;50206030, Marine Transportation;10.6;3.0;5.0;1821820000.0;;0.4;0.17;;;0.6;4592559.23;0.12
DNB BANK ASA;NOK;Stock;Ordinary Shares;Oslo Børs;NO0010161896;30, Financials;3010, Banks;301010, Banks;30101010, Banks;;5.0;10.0;29661814000.0;;0.462;0.417;;;0.5;;
EQUINOR;NOK;Stock;Ordinary Shares;Oslo Børs;NO0010096985;60, Energy;6010, Energy;601010, Oil, Gas and Coal;60101000, Integrated Oil and Gas;;4.0;10.0;82094103000.0;2061.02;0.32;0.36;;;0.4;;
FRONTLINE PLC;NOK;Stock;Ordinary Shares;Oslo Børs;CY0200352116;50, Industrials;5020, Industrial Goods and Services;502060, Industrial Transportation;50206030, Marine Transportation;;0.0;6.0;5242965000.0;;0.263;;;;0.0;;
GOLDEN OCEAN GROUP;NOK;Stock;Ordinary Shares;Oslo Børs;BMG396372051;50, Industrials;5020, Industrial Goods and Services;502060, Industrial Transportation;50206030, Marine Transportation;;0.0;5.0;2636998000.0;622.17;0.342;;;;0.0;5967680.885;
HAFNIA LIMITED;NOK;Stock;Ordinary Shares;Oslo Børs;BMG4233B1090;50, Industrials;5020, Industrial Goods and Services;502060, Industrial Transportation;50206030, Marine Transportation;16.3;1.0;6.0;3754114000.0;;0.054;0.17;;;0.167;;
HOEGH AUTOLINERS ASA;NOK;Stock;Ordinary Shares;Oslo Børs;NO0011082075;50, Industrials;5020, Industrial Goods and Services;502060, Industrial Transportation;50206030, Marine Transportation;;3.0;7.0;1696968000.0;776.2357;0.46;0.29;;;0.429;;0.079
KONGSBERG GRUPPEN;NOK;Stock;Ordinary Shares;Oslo Børs;NO0003043309;50, Industrials;5020, Industrial Goods and Services;502030, General Industrials;50203000, Diversified Industrials;;4.0;8.0;11926642000.0;18.824260000000002;0.216;0.21;0.08;;0.5;174434.0;0.053
MOWI;NOK;Stock;Ordinary Shares;Oslo Børs;NO0003054108;45, Consumer Staples;4510, Food, Beverage and Tobacco;451020, Food Producers;45102010, Farming, Fishing, Ranching and Plantations;13.9;4.0;9.0;8660834000.0;225.6737;0.4;0.25;;0.016;0.444;910834.062;
MPC CONTAINER SHIPS;NOK;Stock;Ordinary Shares;Oslo Børs;NO0010791353;50, Industrials;5020, Industrial Goods and Services;502060, Industrial Transportation;50206030, Marine Transportation;;2.0;5.0;526071000.0;2637.81;0.364;;;;0.4;5931381.967;
NEL;NOK;Stock;Ordinary Shares;Oslo Børs;NO0010081235;60, Energy;6010, Energy;601020, Alternative Energy;60102020, Renewable Energy Equipment;7.2;3.0;7.0;719082000.0;0.14408939999999998;0.205;0.111;0.15;;0.429;16729.0;
NORDIC SEMICONDUCTOR;NOK;Stock;Ordinary Shares;Oslo Børs;NO0003055501;10, Technology;1010, Technology;101020, Technology Hardware and Equipment;10102010, Semiconductors;;4.0;10.0;1594684000.0;28.36;0.171;0.2;;;0.4;5177.0;
NORSK HYDRO;NOK;Stock;Ordinary Shares;Oslo Børs;NO0005052605;55, Basic Materials;5510, Basic Resources;551020, Industrial Metals and Mining;55102035, Aluminum;;4.0;11.0;13214292000.0;10.66156;;;;;0.364;45700000.0;
NORWEGIAN AIR SHUTTLE;NOK;Stock;Ordinary Shares;Oslo Børs;NO0010196140;40, Consumer Discretionary;4050, Travel and Leisure;405010, Travel and Leisure;40501010, Airlines;;3.0;8.0;1453816000.0;0.01092;0.43;0.22;;;0.375;;
ORKLA;NOK;Stock;Ordinary Shares;Oslo Børs;NO0003733800;45, Consumer Staples;4510, Food, Beverage and Tobacco;451020, Food Producers;45102020, Food Products;12.4;5.0;11.0;7199283000.0;2.96387;0.465;0.402;;;0.455;1005000.0;
PGS;NOK;Stock;Ordinary Shares;Oslo Børs;NO0010199151;60, Energy;6010, Energy;601010, Oil, Gas and Coal;60101030, Oil Equipment and Services;13.7;5.0;10.0;769041000.0;0.0;0.3;;;;0.5;1061000.0;
SALMAR;NOK;Stock;Ordinary Shares;Oslo Børs;NO0010310956;45, Consumer Staples;4510, Food, Beverage and Tobacco;451020, Food Producers;45102010, Farming, Fishing, Ranching and Plantations;;3.0;7.0;7840105000.0;1.3039117;0.28;0.14;;;0.429;293889.124;
STOREBRAND;NOK;Stock;Ordinary Shares;Oslo Børs;NO0003053605;30, Financials;3030, Insurance;303010, Life Insurance;30301010, Life Insurance;6.0;5.0;10.0;4024202000.0;0.0006734;0.46;0.56;0.16;;0.5;;
SUBSEA 7;NOK;Stock;Ordinary Shares;Oslo Børs;LU0075646355;60, Energy;6010, Energy;601010, Oil, Gas and Coal;60101030, Oil Equipment and Services;13.08;1.0;7.0;4940026000.0;152.0874;0.17;0.29;;;0.143;2173161.211;0.082
TELENOR;NOK;Stock;Ordinary Shares;Oslo Børs;NO0010063308;15, Telecommunications;1510, Telecommunications;151020, Telecommunications Service Providers;15102015, Telecommunications Services;;5.0;10.0;15498574000.0;0.00091;0.38;;;;0.5;2791000.0;
TGS ASA;NOK;Stock;Ordinary Shares;Oslo Børs;NO0003078800;60, Energy;6010, Energy;601010, Oil, Gas and Coal;60101030, Oil Equipment and Services;21.6;2.0;5.0;1566838000.0;0.07;0.545;0.29;;;0.4;;
TOMRA SYSTEMS;NOK;Stock;Ordinary Shares;Oslo Børs;NO0012470089;50, Industrials;5020, Industrial Goods and Services;502040, Industrial Engineering;50204000, Machinery: Industrial;;3.0;8.0;3919734000.0;2.69087;0.23;0.29;0.023;;0.375;2159283.0;
VÅR ENERGI ASA;NOK;Stock;Ordinary Shares;Oslo Børs;NO0011202772;60, Energy;6010, Energy;601010, Oil, Gas and Coal;60101015, Offshore Drilling and Other Services;;6.0;12.0;8564465000.0;735.2741;0.255;0.3;0.06;;0.5;980871.34;
YARA INTERNATIONAL;NOK;Stock;Ordinary Shares;Oslo Børs;NO0010208051;55, Basic Materials;5520, Chemicals;552010, Chemicals;55201015, Fertilizers;;;;7844109000.0;;;;;;;;
A2A;EUR;Stock;Ordinary Shares;Euronext Milan;IT0001233417;65, Utilities;6510, Utilities;651010, Electricity;65101015, Conventional Electricity;24.0;5.0;12.0;5797260000.0;1060.3642220000002;0.19;0.25;;;0.417;;0.089
AMPLIFON;EUR;Stock;Ordinary Shares;Euronext Milan;IT0004056880;20, Health Care;2010, Health Care;201020, Medical Equipment and Services;20102015, Medical Supplies;29.8;5.0;9.0;7511400000.0;18.3291;0.733;0.274;;0.047;0.556;67190.887;
AZIMUT;EUR;Stock;Ordinary Shares;Euronext Milan;IT0003261697;30, Financials;3020, Financial Services;302020, Investment Banking and Brokerage Services;30202010, Asset Managers and Custodians;5.0;7.0;16.0;3703270000.0;;0.46;0.16;;0.005;0.438;2855.28;
BANCA GENERALI;EUR;Stock;Ordinary Shares;Euronext Milan;IT0001031084;30, Financials;3010, Banks;301010, Banks;30101010, Banks;59.0;4.0;8.0;4458690000.0;;0.49;0.37;;0.047;0.5;3159.447;
BANCA MEDIOLANUM;EUR;Stock;Ordinary Shares;Euronext Milan;IT0004776628;30, Financials;3020, Financial Services;302020, Investment Banking and Brokerage Services;30202000, Diversified Financial Services;34.39;6.0;13.0;8115950000.0;;0.495;;;;0.461;19118.515;
BANCO BPM;EUR;Stock;Ordinary Shares;Euronext Milan;IT0005218380;30, Financials;3010, Banks;301010, Banks;30101010, Banks;55.0;6.0;15.0;10300890000.0;;0.461;0.26;;;0.4;158564.738;
BPER BANCA;EUR;Stock;Ordinary Shares;Euronext Milan;IT0000066123;30, Financials;3010, Banks;301010, Banks;30101010, Banks;45.14;8.0;15.0;6689640000.0;;0.47;0.208;;;0.533;143635.115;0.011
BUZZI;EUR;Stock;Ordinary Shares;Euronext Milan;IT0001347308;50, Industrials;5010, Construction and Materials;501010, Construction and Materials;50101030, Cement;31.0;5.0;12.0;6937880000.0;;0.142;;;;0.417;29099189.946;
CNH INDUSTRIAL;EUR;Stock;Ordinary Shares;Euronext Global Equity Market;NL0010545661;50, Industrials;5020, Industrial Goods and Services;502040, Industrial Engineering;50204010, Machinery: Agricultural;22.19;4.0;9.0;15714020000.0;;0.106;0.17;;0.018;0.444;1047778.616;
DIASORIN;EUR;Stock;Ordinary Shares;Euronext Milan;IT0003492391;20, Health Care;2010, Health Care;201020, Medical Equipment and Services;20102010, Medical Equipment;60.84;6.0;15.0;5362840000.0;;0.43;0.269;0.1;;0.4;59133.103;
ENEL;EUR;Stock;Ordinary Shares;Euronext Milan;IT0003128367;65, Utilities;6510, Utilities;651010, Electricity;65101015, Conventional Electricity;47.4;4.0;9.0;63877930000.0;0.0009;0.234;0.249;0.193;0.033;0.444;;
ENI;EUR;Stock;Ordinary Shares;Euronext Milan;IT0003132476;60, Energy;6010, Energy;601010, Oil, Gas and Coal;60101000, Integrated Oil and Gas;31.1;4.0;9.0;53524610000.0;2725.668138;0.269;0.175;0.01;;0.444;143639003.8;0.027
ERG;EUR;Stock;Ordinary Shares;Euronext Milan;IT0001157020;65, Utilities;6510, Utilities;651010, Electricity;65101010, Alternative Electricity;42.5;5.0;12.0;3870190000.0;28.547600000000003;0.31;0.18;0.01;;0.417;22000.0;0.054
FINECOBANK;EUR;Stock;Ordinary Shares;Euronext Milan;IT0000072170;30, Financials;3010, Banks;301010, Banks;30101010, Banks;;;;9116400000.0;;;;;;;;
GENERALI ASS;EUR;Stock;Ordinary Shares;Euronext Milan;IT0000062072;30, Financials;3030, Insurance;303020, Non-life Insurance;30302010, Full Line Insurance;34.4;6.0;13.0;37827710000.0;1.8511000000000002;0.511;;0.145;;0.462;;
HERA;EUR;Stock;Ordinary Shares;Euronext Milan;IT0001250932;65, Utilities;6510, Utilities;651020, Gas, Water and Multi-utilities;65102000, Multi-utilities;30.8;6.0;15.0;5100690000.0;1353.045067;0.276;0.216;;0.035;0.4;3981392.074;0.024
INTERPUMP GROUP;EUR;Stock;Ordinary Shares;Euronext Milan;IT0001078911;50, Industrials;5020, Industrial Goods and Services;502040, Industrial Engineering;50204000, Machinery: Industrial;10.0;5.0;10.0;4790390000.0;;0.192;0.113;;;0.5;231037.685;
INTESA SANPAOLO;EUR;Stock;Ordinary Shares;Euronext Milan;IT0000072618;30, Financials;3010, Banks;301010, Banks;30101010, Banks;51.4;8.0;19.0;65524660000.0;;0.537;0.005;;0.045;0.421;1000598.3;0.028
INWIT;EUR;Stock;Ordinary Shares;Euronext Milan;IT0005090300;15, Telecommunications;1510, Telecommunications;151020, Telecommunications Service Providers;15102015, Telecommunications Services;19.1;5.0;11.0;10125410000.0;20.111506000000002;0.38;0.26;;;0.455;774287.008;
ITALGAS;EUR;Stock;Ordinary Shares;Euronext Milan;IT0005211237;65, Utilities;6510, Utilities;651020, Gas, Water and Multi-utilities;65102020, Gas Distribution;35.0;4.0;9.0;4366670000.0;28.653851;0.178;0.183;0.132;0.043;0.444;131111.216;0.021
IVECO GROUP;EUR;Stock;Ordinary Shares;Euronext Milan;NL0015000LU4;50, Industrials;5020, Industrial Goods and Services;502060, Industrial Transportation;50206015, Commercial Vehicles and Parts;11.29;3.0;9.0;3642280000.0;8678.277051000001;0.184;0.188;;0.053;0.333;847789.845;0.029
LEONARDO;EUR;Stock;Ordinary Shares;Euronext Milan;IT0003856405;50, Industrials;5020, Industrial Goods and Services;502010, Aerospace and Defense;50201020, Defense;24.1;5.0;12.0;13411380000.0;464.89360000000005;0.196;0.16;0.02;0.032;0.417;1475278.958;0.044
MEDIOBANCA;EUR;Stock;Ordinary Shares;Euronext Milan;IT0000062957;30, Financials;3020, Financial Services;302020, Investment Banking and Brokerage Services;30202000, Diversified Financial Services;26.3;6.0;15.0;12349940000.0;;0.42;;0.261;;0.4;37727.558;
MONCLER;EUR;Stock;Ordinary Shares;Euronext Milan;IT0004965148;40, Consumer Discretionary;4020, Consumer Products and Services;402040, Personal Goods;40204020, Clothing and Accessories;27.07;5.0;12.0;19241810000.0;19.532101;0.688;0.51;;0.012;0.417;;0.134
NEXI;EUR;Stock;Ordinary Shares;Euronext Milan;IT0005366767;50, Industrials;5020, Industrial Goods and Services;502050, Industrial Support Services;50205015, Transaction Processing Services;19.6;5.0;13.0;7647290000.0;;0.42;0.223;0.193;0.017;0.385;65359.997;
PIRELLI & C;EUR;Stock;Ordinary Shares;Euronext Milan;IT0005278236;40, Consumer Discretionary;4010, Automobiles and Parts;401010, Automobiles and Parts;40101015, Tires;177.6;6.0;15.0;6280900000.0;388.05690000000004;0.156;0.137;;0.019;0.4;2825114.76;0.065
POSTE ITALIANE;EUR;Stock;Ordinary Shares;Euronext Milan;IT0003796171;30, Financials;3030, Insurance;303010, Life Insurance;30301010, Life Insurance;48.0;4.0;9.0;16288610000.0;3.8569220000000004;0.531;0.46;0.007;0.043;0.444;1087570.315;0.055
PRYSMIAN;EUR;Stock;Ordinary Shares;Euronext Milan;IT0004176001;50, Industrials;5020, Industrial Goods and Services;502020, Electronic and Electrical Equipment;50202010, Electrical Components;35.7;5.0;12.0;14860160000.0;19548.450600000004;0.205;0.188;0.05;;0.417;2675308.807;
RECORDATI ORD;EUR;Stock;Ordinary Shares;Euronext Milan;IT0003828271;20, Health Care;2010, Health Care;201030, Pharmaceuticals and Biotechnology;20103015, Pharmaceuticals;27.8;5.0;12.0;11130140000.0;;0.48;;0.1;;0.417;172500.138;
SNAM;EUR;Stock;Ordinary Shares;Euronext Milan;IT0003153415;60, Energy;6010, Energy;601010, Oil, Gas and Coal;60101035, Pipelines;33.7;4.0;9.0;15283880000.0;105.518692;0.165;0.197;0.08;;0.444;4900281.698;0.038
STELLANTIS;EUR;Stock;Ordinary Shares;Euronext Milan;NL00150001Q9;40, Consumer Discretionary;4010, Automobiles and Parts;401010, Automobiles and Parts;40101020, Automobiles;;3.0;11.0;82467040000.0;6858.244394;;;;;0.273;15494891.0;
STMICROELECTRONICS;EUR;Stock;Ordinary Shares;Euronext Milan;NL0000226223;10, Technology;1010, Technology;101020, Technology Hardware and Equipment;10102010, Semiconductors;;4.0;9.0;36633590000.0;27.9849;;;;;0.444;2878880.081;
TELECOM ITALIA;EUR;Stock;Ordinary Shares;Euronext Milan;IT0003497168;15, Telecommunications;1510, Telecommunications;151020, Telecommunications Service Providers;15102015, Telecommunications Services;53.75;6.0;15.0;3591990000.0;133.63230000000001;0.38;0.28;;0.03;0.4;2671000.0;
TERNA;EUR;Stock;Ordinary Shares;Euronext Milan;IT0003242622;65, Utilities;6510, Utilities;651010, Electricity;65101015, Conventional Electricity;36.0;6.0;13.0;15627350000.0;141.369684;0.161;0.237;0.19;;0.461;257855.04;0.018
UNIPOL;EUR;Stock;Ordinary Shares;Euronext Milan;IT0004810054;30, Financials;3030, Insurance;303020, Non-life Insurance;30302010, Full Line Insurance;15.72;6.0;15.0;6241310000.0;509.708945;0.543;0.162;0.09;;0.4;147441.785;0.027
