Name,Market Cap In Usd,Currency,Market,Index,Isin Code,Turnover In Eur,Issuer Country,Industry,Supersector,Sector,Subsector,Average Training Hours Per Employee,Number Of Female Board Members,Number Of Board Members,Share Of Women In Total Workforce In %,Share Of Women In Management Bodies In %,Gender Pay Gap In %,Rate Of Employees With Disabilities In %,Board Gender Diversity (Female Board Members / Total Board Members) In %,Total Energy Consumption In Mwh,Rate Of Resignation In %,Carbon Footprint (Total Ghg Emissions / Enterprise Value)_In_Usd,Roa,Roe,Roic
Accor,10331920000.0,EUR,Euronext Paris,CAC_40,FR0000120404,44122934.73,France,"40, Consumer Discretionary","4050, Travel and Leisure","405010, Travel and Leisure","40501025, Hotels and Motels",,8.0,13.0,,,,,0.615,13712000.0,,572.6319,4.0,11.9,8.0
Air Liquide,105136060000.0,EUR,Euronext Paris,CAC_40,FR0000120073,117667138.9,France,"55, Basic Materials","5520, Chemicals","552010, Chemicals","55201020, Specialty Chemicals",20.0,5.0,14.0,0.28,0.3,,0.045,0.357,,0.086,,6.1,12.9,12.1
Airbus Se,136164990000.00002,EUR,Euronext Paris,CAC_40,NL0000235190,165742457.82,Netherlands,"50, Industrials","5020, Industrial Goods and Services","502010, Aerospace and Defense","50201010, Aerospace",15.0,4.0,12.0,0.2,,,,0.333,3717000.0,,,2.3,23.5,13.5
Arcelormittal Sa,21754170000.0,EUR,Euronext Amsterdam,CAC_40,LU1598757687,44321308.065,Luxembourg,"55, Basic Materials","5510, Basic Resources","551020, Industrial Metals and Mining","55102010, Iron and Steel",,3.0,10.0,,0.157,,,0.3,386666976.0,,3373.201,2.1,1.8,4.5
Axa,82540870000.0,EUR,Euronext Paris,CAC_40,FR0000120628,121479807.525,France,"30, Financials","3030, Insurance","303020, Non-life Insurance","30302010, Full Line Insurance",,9.0,16.0,,0.353,,0.007,0.563,223638.0,0.1,2.7178,0.9,12.8,7.5
Bnp Paribas ACT.A,80076660000.0,EUR,Euronext Paris,CAC_40,FR0000131104,228114028.42,France,"30, Financials","3010, Banks","301010, Banks","30101010, Banks",24.2,7.0,13.0,0.51,,,0.027,0.538,830000.0,,,0.1,12.8,7.5
Bouygues,14690030000.0,EUR,Euronext Paris,CAC_40,FR0000120503,36555688.29,France,"50, Industrials","5010, Construction and Materials","501010, Construction and Materials","50101010, Construction",,8.0,14.0,,,,,0.571,,,767.1686000000001,2.0,8.6,6.6
Capgemini,37140770000.0,EUR,Euronext Paris,CAC_40,FR0000125338,98614242.9,France,"10, Technology","1010, Technology","101010, Software and Computer Services","10101010, Computer Services",52.4,6.0,15.0,0.388,0.273,,0.012,0.4,201053.0,,23.6684,,,
Carrefour,11936920000.0,EUR,Euronext Paris,CAC_40,FR0000120172,31551442.14,France,"45, Consumer Staples","4520, Personal Care, Drug and Grocery Stores","452010, Personal Care, Drug and Grocery Stores","45201010, Food Retailers and Wholesalers",9.2,7.0,15.0,0.55,0.308,,0.043,0.467,4556990.0,0.158,,2.5,6.8,6.6
Credit Agricole,44858680000.0,EUR,Euronext Paris,CAC_40,FR0000045072,76138942.318,France,"30, Financials","3010, Banks","301010, Banks","30101010, Banks",33.5,10.0,21.0,0.522,0.353,,0.054,0.476,398861.0,0.04,,0.3,9.6,
Danone,42715470000.0,EUR,Euronext Paris,CAC_40,FR0000120644,72653044.11,France,"45, Consumer Staples","4510, Food, Beverage and Tobacco","451020, Food Producers","45102020, Food Products",,,,,,,,,,,,4.9,5.6,10.4
Dassault Systemes,54964830000.0,EUR,Euronext Paris,CAC_40,FR0014003TT8,63240288.215,France,"10, Technology","1010, Technology","101010, Software and Computer Services","10101015, Software",27.9,6.0,12.0,0.281,0.385,,0.027,0.5,82766.0,,3.915023,5.6,13.8,11.2
Edenred,12471920000.0,EUR,Euronext Paris,CAC_40,FR0010908533,27183550.11,France,"50, Industrials","5020, Industrial Goods and Services","502050, Industrial Support Services","50205015, Transaction Processing Services",22.1,6.0,12.0,0.52,0.37,,0.055,0.5,11713829.0,,6.591200000000001,2.8,,13.1
Engie,41275250000.0,EUR,Euronext Paris,CAC_40,FR0010208488,107821158.022,France,"65, Utilities","6510, Utilities","651020, Gas, Water and Multi-utilities","65102000, Multi-utilities",28.0,7.0,14.0,0.265,0.4,0.019,0.035,0.5,217479000.0,0.054,1848.9386,3.3,7.7,12.6
Essilorluxottica,99406210000.0,EUR,Euronext Paris,CAC_40,FR0000121667,84751068.4,France,"20, Health Care","2010, Health Care","201020, Medical Equipment and Services","20102015, Medical Supplies",19.2,6.0,14.0,0.6,0.39,,,0.429,2149000.0,,14.0384,3.4,6.3,6.2
Eurofins Scient.,12331750000.0,EUR,Euronext Paris,CAC_40,FR0014000MR3,25411233.3,France,"20, Health Care","2010, Health Care","201020, Medical Equipment and Services","20102020, Medical Services",,4.0,8.0,0.57,0.21,,,0.5,742007.0,,34.143914,4.3,6.2,7.8
Hermes Intl,263646930000.00003,EUR,Euronext Paris,CAC_40,FR0000052292,131245341.5,France,"40, Consumer Discretionary","4020, Consumer Products and Services","402040, Personal Goods","40204020, Clothing and Accessories",21.0,7.0,14.0,0.67,0.4,,0.069,0.5,209100.0,,,18.6,31.3,32.7
Kering,44893990000.0,EUR,Euronext Paris,CAC_40,FR0000121485,91962509.5,France,"40, Consumer Discretionary","4020, Consumer Products and Services","402040, Personal Goods","40204020, Clothing and Accessories",13.1,7.0,11.0,0.63,0.42,0.142,0.015,0.636,351130.0,,42.4362,7.9,20.0,13.3
L'oreal,242280100000.0,EUR,Euronext Paris,CAC_40,FR0000120321,137161252.3,France,"40, Consumer Discretionary","4020, Consumer Products and Services","402040, Personal Goods","40204035, Cosmetics",36.7,7.0,16.0,0.68,0.32,0.007,0.019,0.438,935591.0,,49.284200000000006,10.3,22.0,21.1
Legrand,27149110000.0,EUR,Euronext Paris,CAC_40,FR0010307819,63082556.22,France,"50, Industrials","5020, Industrial Goods and Services","502020, Electronic and Electrical Equipment","50202010, Electrical Components",22.0,6.0,14.0,,0.25,,0.024,0.429,384000.0,0.066,468.1464,6.6,17.2,12.7
Lvmh,428608830000.0,EUR,Euronext Paris,CAC_40,FR0000121014,381303740.3,France,"40, Consumer Discretionary","4020, Consumer Products and Services","402040, Personal Goods","40204020, Clothing and Accessories",,7.0,16.0,0.71,,,0.016,0.438,1939763.0,0.165,2.0116,10.2,26.7,21.0
Michelin,26713620000.0,EUR,Euronext Paris,CAC_40,FR001400AJ45,45002654.45,France,"40, Consumer Discretionary","4010, Automobiles and Parts","401010, Automobiles and Parts","40101015, Tires",41.0,5.0,11.0,0.199,0.445,,0.069,0.455,10844175.342,0.054,,5.9,11.3,13.5
Orange,30270300000.0,EUR,Euronext Paris,CAC_40,FR0000133308,58217811.59,France,"15, Telecommunications","1510, Telecommunications","151020, Telecommunications Service Providers","15102015, Telecommunications Services",21.1,6.0,15.0,0.362,0.341,0.012,0.07,0.4,10620414.0,0.043,,3.2,8.3,7.0
Pernod Ricard,39291470000.0,EUR,Euronext Paris,CAC_40,FR0000120693,64452106.75,France,"45, Consumer Staples","4510, Food, Beverage and Tobacco","451010, Beverages","45101015, Distillers and Vintners",22.47,8.0,14.0,0.4,0.353,0.013,0.035,0.571,1635242.0,0.085,81.447116,5.1,12.2,9.1
Publicis Groupe SA,27524680000.0,EUR,Euronext Paris,CAC_40,FR0000130577,37795979.06,France,"40, Consumer Discretionary","4030, Media","403010, Media","40301020, Media Agencies",21.0,5.0,13.0,0.513,0.425,,0.015,0.385,111864.0,,11.3955,3.8,13.7,14.3
Renault,15321330000.0,EUR,Euronext Paris,CAC_40,FR0000131906,41906035.435,France,"40, Consumer Discretionary","4010, Automobiles and Parts","401010, Automobiles and Parts","40101020, Automobiles",22.4,5.0,16.0,0.22,0.356,0.0,0.032,0.313,3884241.0,,1273.5033,2.1,7.7,4.1
Safran,95182920000.0,EUR,Euronext Paris,CAC_40,FR0000073272,124395252.8,France,"50, Industrials","5020, Industrial Goods and Services","502010, Aerospace and Defense","50201010, Aerospace",31.0,7.0,16.0,0.293,0.263,,0.052,0.438,2143484.0,0.077,,4.1,30.7,16.1
Saint Gobain,38616300000.0,EUR,Euronext Paris,CAC_40,FR0000125007,71453100.35,France,"50, Industrials","5010, Construction and Materials","501010, Construction and Materials","50101035, Building Materials: Other",17.2,7.0,14.0,0.237,0.375,0.009,0.019,0.5,41854000.0,0.086,867.6416,5.6,11.7,12.5
Sanofi,115493660000.0,EUR,Euronext Paris,CAC_40,FR0000120578,167539014.59,France,"20, Health Care","2010, Health Care","201030, Pharmaceuticals and Biotechnology","20103015, Pharmaceuticals",,,,,,,,,,,,4.5,7.3,9.7
Schneider Electric SE,132210270000.00002,EUR,Euronext Paris,CAC_40,FR0000121972,170063754.75,France,"50, Industrials","5020, Industrial Goods and Services","502020, Electronic and Electrical Equipment","50202010, Electrical Components",24.1,7.0,14.0,0.33,0.41,0.03,,0.5,1201276.0,0.085,763.2417,6.3,15.7,13.8
Societe Generale,21182790000.0,EUR,Euronext Paris,CAC_40,FR0000130809,114832949.385,France,"30, Financials","3010, Banks","301010, Banks","30101010, Banks",,7.0,15.0,,,,,0.467,454210.0,,,0.2,4.6,
Stellantis Nv,82315100000.0,EUR,Euronext Paris,CAC_40,NL00150001Q9,74803134.41,Netherlands,"40, Consumer Discretionary","4010, Automobiles and Parts","401010, Automobiles and Parts","40101020, Automobiles",,3.0,11.0,,,,,0.273,15494891.0,,6858.244394,7.4,24.1,19.7
Stellantis,82467040000.0,EUR,Euronext Milan,CAC_40,NL00150001Q9,74803134.41,Netherlands,"40, Consumer Discretionary","4010, Automobiles and Parts","401010, Automobiles and Parts","40101020, Automobiles",,3.0,11.0,,,,,0.273,15494891.0,,6858.244394,7.4,24.1,19.7
Stmicroelectronics,36780180000.0,EUR,Euronext Paris,CAC_40,NL0000226223,53411712.575,Netherlands,"10, Technology","1010, Technology","101020, Technology Hardware and Equipment","10102010, Semiconductors",,4.0,9.0,,,,,0.444,2878880.081,,27.9849,13.0,28.5,23.0
Teleperformance,5892490000.0,EUR,Euronext Paris,CAC_40,FR0000051807,23447528.96,France,"50, Industrials","5020, Industrial Goods and Services","502050, Industrial Support Services","50205020, Professional Business Support Services",,7.0,16.0,,,,,0.438,317975.0,,25.5623,6.3,15.2,10.5
Thales,34986860000.0,EUR,Euronext Paris,CAC_40,FR0000121329,40615927.4,France,"50, Industrials","5020, Industrial Goods and Services","502010, Aerospace and Defense","50201020, Defense",,,,,,,,,,,,2.7,12.9,10.0
Totalenergies,171981100000.0,EUR,Euronext Paris,CAC_40,FR0000120271,219069789.68,France,"60, Energy","6010, Energy","601010, Oil, Gas and Coal","60101000, Integrated Oil and Gas",48.64,6.0,14.0,0.363,0.275,,0.06,0.429,167000000.0,0.091,1880.7629,5.8,7.8,11.6
Unibail-rodamco-westfield,11050960000.0,EUR,Euronext Paris,CAC_40,FR0013326246,24218467.7,France,"35, Real Estate","3510, Real Estate","351020, Real Estate Investment Trusts","35102045, Retail REITs",19.0,6.0,10.0,0.542,0.167,0.043,0.008,0.6,592834.0,0.094,80.6352,1.7,8.1,2.8
Veolia Environ.,22199290000.0,EUR,Euronext Paris,CAC_40,FR0000124141,48897763.4,France,"65, Utilities","6510, Utilities","651020, Gas, Water and Multi-utilities","65102030, Water",26.0,7.0,13.0,0.223,0.222,,0.024,0.538,122000000.0,0.086,1396.880613,2.4,2.0,6.2
Vinci,71348670000.0,EUR,Euronext Paris,CAC_40,FR0000125486,104749142.86,France,"50, Industrials","5010, Construction and Materials","501010, Construction and Materials","50101010, Construction",21.5,6.0,14.0,0.168,0.195,,0.018,0.429,10686843.0,0.104,468.4781,4.4,16.6,11.3
Vivendi Se,10878690000.0,EUR,Euronext Paris,CAC_40,FR0000127771,24219937.818,France,"40, Consumer Discretionary","4030, Media","403010, Media","40301035, Radio and TV Broadcasters",10.9,7.0,13.0,0.54,0.38,,0.01,0.538,155136.0,0.52,10.645216,1.2,2.8,2.5
Abn Amro BANK N.V.,8107390000.0,EUR,Euronext Amsterdam,AEX,NL0011540547,54608508.39,Netherlands,"30, Financials","3010, Banks","301010, Banks","30101010, Banks",,,,,,,,,,,,0.7,11.5,
Adyen,47949910000.0,EUR,Euronext Amsterdam,AEX,NL0012969182,105391737.8,Netherlands,"50, Industrials","5020, Industrial Goods and Services","502050, Industrial Support Services","50205015, Transaction Processing Services",,2.0,5.0,0.38,0.27,,,0.4,,,1.5515,5.0,21.0,20.2
Aegon,10854080000.0,EUR,Euronext Amsterdam,AEX,BMG0112X1056,30288814.74,Netherlands,"30, Financials","3030, Insurance","303010, Life Insurance","30301010, Life Insurance",,4.0,9.0,0.51,0.38,,,0.444,40744.0,0.1,1.4017000000000002,,,
Koninklijke Ahold DELHAIZE N.V.,27406980000.0,EUR,Euronext Amsterdam,AEX,NL0011794037,51052231.64,Netherlands,"45, Consumer Staples","4520, Personal Care, Drug and Grocery Stores","452010, Personal Care, Drug and Grocery Stores","45201010, Food Retailers and Wholesalers",,4.0,9.0,0.52,0.25,,,0.444,6812000.0,,,4.4,12.4,10.1
Akzo Nobel,12102770000.0,EUR,Euronext Amsterdam,AEX,NL0013267909,22301447.72,Netherlands,"55, Basic Materials","5520, Chemicals","552010, Chemicals","55201020, Specialty Chemicals",2.5,3.0,8.0,0.27,,,,0.375,1644445.76,0.07,,4.5,10.7,10.0
Asm International N.V.,29046220000.0,EUR,Euronext Amsterdam,AEX,NL0000334118,75407234.7,Netherlands,"10, Technology","1010, Technology","101020, Technology Hardware and Equipment","10102020, Production Technology Equipment",,3.0,6.0,0.17,,0.02,,0.5,87370.0,0.062,,,,
Asml Holding,358163240000.0,EUR,Euronext Amsterdam,AEX,NL0010273215,476268374.9,Netherlands,"10, Technology","1010, Technology","101020, Technology Hardware and Equipment","10102020, Production Technology Equipment",60.0,4.0,9.0,0.2,,,,0.444,480278.162,,57.618109,14.8,70.4,48.7
Asr Nederland,10297680000.0,EUR,Euronext Amsterdam,AEX,NL0011872643,30018025.88,Netherlands,"30, Financials","3030, Insurance","303020, Non-life Insurance","30302010, Full Line Insurance",,,,,,,,,,,,2.4,13.5,12.7
Be Semiconductor Industries N.V.,12042850000.0,EUR,Euronext Amsterdam,AEX,NL0012866412,74758202.05,Netherlands,"10, Technology","1010, Technology","101020, Technology Hardware and Equipment","10102010, Semiconductors",31.0,2.0,5.0,0.17,0.17,,,0.4,22000.0,,1.4017000000000002,13.1,33.7,28.3
Dsm Firmenich AG,29024820000.0,EUR,Euronext Amsterdam,AEX,CH1216478797,44900125.58,Switzerland,"45, Consumer Staples","4510, Food, Beverage and Tobacco","451020, Food Producers","45102020, Food Products",,4.0,12.0,0.37,0.333,,,0.333,,0.036,,,,
Exor,24023640000.0,EUR,Euronext Amsterdam,AEX,NL0012059018,15917681.45,Netherlands,"30, Financials","3020, Financial Services","302020, Investment Banking and Brokerage Services","30202000, Diversified Financial Services",,3.0,9.0,0.5,0.5,,,0.333,,,0.030174,3.2,21.2,7.1
Heineken,54372050000.0,EUR,Euronext Amsterdam,AEX,NL0000009165,41709706.28,Netherlands,"45, Consumer Staples","4510, Food, Beverage and Tobacco","451010, Beverages","45101010, Brewers",6.24,4.0,9.0,0.24,0.28,,,0.444,7009000.0,,224.93754,4.7,10.8,9.3
Imcd,9329330000.0,EUR,Euronext Amsterdam,AEX,NL0010801007,23081484.45,Netherlands,"55, Basic Materials","5520, Chemicals","552010, Chemicals","55201020, Specialty Chemicals",14.0,2.0,5.0,0.54,0.14,,,0.4,35607.251,,38.8624,6.9,17.2,12.2
Ing Groep N.V.,53380160000.0,EUR,Euronext Amsterdam,AEX,NL0011821202,209567441.772,Netherlands,"30, Financials","3010, Banks","301010, Banks","30101010, Banks",,3.0,9.0,,0.333,,,0.333,,,,0.4,7.8,
Kpn Kon,14356190000.0,EUR,Euronext Amsterdam,AEX,NL0000009082,34830780.088,Netherlands,"15, Telecommunications","1510, Telecommunications","151020, Telecommunications Service Providers","15102015, Telecommunications Services",37.2,4.0,8.0,0.221,,0.022,,0.5,565556008.0,,48.42445500000001,7.0,23.0,12.9
Nn Group,13042230000.0,EUR,Euronext Amsterdam,AEX,NL0010773842,36140975.95,Netherlands,"30, Financials","3030, Insurance","303010, Life Insurance","30301010, Life Insurance",,3.0,7.0,0.5,0.4,0.28,,0.429,33000.0,,0.3959,0.8,6.1,7.4
Kon.philips N.v.,18415770000.0,EUR,Euronext Amsterdam,AEX,NL0000009538,38704542.494,Netherlands,"20, Health Care","2010, Health Care","201020, Medical Equipment and Services","20102010, Medical Equipment",,,,,,,,,,,,0.9,,2.1
Prosus,79191770000.0,EUR,Euronext Amsterdam,AEX,NL0013654783,111995463.375,Netherlands,"10, Technology","1010, Technology","101010, Software and Computer Services","10101020, Consumer Digital Services",,6.0,16.0,0.429,,,,0.375,94795.0,,0.2568,,26.0,
Randstad N.v.,9349660000.0,EUR,Euronext Amsterdam,AEX,NL0000379121,42584794.21,Netherlands,"50, Industrials","5020, Industrial Goods and Services","502050, Industrial Support Services","50205025, Business Training and Employment Agencies",18.6,3.0,7.0,0.67,0.23,,0.281,0.429,,,21.701205,5.0,13.0,14.8
Relx,79541660000.0,EUR,Euronext Amsterdam,AEX,GB00B2B0DG97,27024971.09,United Kingdom,"40, Consumer Discretionary","4030, Media","403010, Media","40301030, Publishing",13.86,4.0,10.0,0.5,0.31,,,0.4,110750.0,0.084,1.063125,10.7,49.7,25.3
Shell Plc,233577790000.0,EUR,Euronext Amsterdam,AEX,GB00BP6MXD84,194146348.41,United Kingdom,"60, Energy","6010, Energy","601010, Oil, Gas and Coal","60101000, Integrated Oil and Gas",,6.0,11.0,0.33,0.304,0.207,,0.545,199000000.0,0.05,4267.5616,5.2,10.3,12.4
Universal Music GROUP,52633300000.0,EUR,Euronext Amsterdam,AEX,NL0015000IY2,46643851.91,Netherlands,"40, Consumer Discretionary","4030, Media","403010, Media","40301010, Entertainment",,,,,,,,,,,,,,
Unilever Plc,124696730000.0,EUR,Euronext Amsterdam,AEX,GB00B10RZP78,50160538.405,United Kingdom,"45, Consumer Staples","4520, Personal Care, Drug and Grocery Stores","452010, Personal Care, Drug and Grocery Stores","45201020, Personal Products",,5.0,13.0,0.36,0.23,,,0.385,,,0.0,8.2,33.6,18.5
Wolters Kluwer,37666140000.0,EUR,Euronext Amsterdam,AEX,NL0000395903,79024988.85,Netherlands,"40, Consumer Discretionary","4030, Media","403010, Media","40301030, Publishing",,,,,,,,,,,,8.8,49.6,27.0
Ab Inbev,104149520000.0,EUR,Euronext Brussels,BEL_20,BE0974293251,83477074.78,Belgium,"45, Consumer Staples","4510, Food, Beverage and Tobacco","451010, Beverages","45101010, Brewers",,5.0,15.0,0.22,0.28,,,0.333,15402790.1,,142.249,4.2,7.8,7.9
Ackermans V.haaren,5709520000.0,EUR,Euronext Brussels,BEL_20,BE0003764785,3150358.1,Belgium,"30, Financials","3020, Financial Services","302020, Investment Banking and Brokerage Services","30202000, Diversified Financial Services",,4.0,12.0,0.449,0.143,,,0.333,,,0.0321,1.8,8.2,5.8
Aedifica,2940360000.0,EUR,Euronext Brussels,BEL_20,BE0003851681,4395155.95,Belgium,"35, Real Estate","3510, Real Estate","351020, Real Estate Investment Trusts","35102010, Health Care REITs",20.2,5.0,12.0,0.372,0.2,0.19,,0.417,,,9.412255,2.7,0.7,4.4
Ageas,8672350000.0,EUR,Euronext Brussels,BEL_20,BE0974264930,13835116.04,Belgium,"30, Financials","3030, Insurance","303010, Life Insurance","30301010, Life Insurance",,,,,,,,,,,,2.4,12.5,24.5
Argenx Se,21747750000.0,EUR,Euronext Brussels,BEL_20,NL0010832176,23499302.2,Netherlands,"20, Health Care","2010, Health Care","201030, Pharmaceuticals and Biotechnology","20103010, Biotechnology",,3.0,9.0,0.63,0.39,,,0.333,,0.043,,,8.5,
Cofinimmo,2449230000.0,EUR,Euronext Brussels,BEL_20,BE0003593044,6296631.6,Belgium,"35, Real Estate","3510, Real Estate","351020, Real Estate Investment Trusts","35102010, Health Care REITs",40.5,4.0,13.0,0.53,0.4,,,0.308,260619.0,,9.63,2.6,,4.3
D'ieteren Group,11816010000.0,EUR,Euronext Brussels,BEL_20,BE0974259880,7432817.0,Belgium,"40, Consumer Discretionary","4010, Automobiles and Parts","401010, Automobiles and Parts","40101010, Auto Services",33.9,3.0,10.0,0.5,0.23,,,0.3,453.3,,8.504788000000001,3.5,15.3,7.0
Elia Group,7300610000.0,EUR,Euronext Brussels,BEL_20,BE0003822393,5229124.7,Belgium,"65, Utilities","6510, Utilities","651010, Electricity","65101015, Conventional Electricity",18.46,4.0,14.0,0.229,0.229,,,0.286,,,186.233607,2.3,7.1,4.7
Galapagos,1902460000.0,EUR,Euronext Amsterdam,BEL_20,BE0003818359,5547717.88,Belgium,"20, Health Care","2010, Health Care","201030, Pharmaceuticals and Biotechnology","20103010, Biotechnology",,3.0,9.0,0.56,0.43,,,0.333,18687.0,0.12,17.7513,,,
Gbl,10964290000.0,EUR,Euronext Brussels,BEL_20,BE0003797140,6641866.78,Belgium,"30, Financials","3020, Financial Services","302020, Investment Banking and Brokerage Services","30202000, Diversified Financial Services",9.5,5.0,13.0,0.71,0.25,,,0.385,,,140334.656094,,,
Kbc,31255770000.0,EUR,Euronext Brussels,BEL_20,BE0003565737,36868732.04,Belgium,"30, Financials","3010, Banks","301010, Banks","30101010, Banks",,6.0,16.0,0.57,0.14,,,0.375,,,,1.0,15.1,
Lotus Bakeries,7866640000.0,EUR,Euronext Brussels,BEL_20,BE0003604155,8228330.0,Belgium,"45, Consumer Staples","4510, Food, Beverage and Tobacco","451020, Food Producers","45102020, Food Products",15.0,3.0,10.0,0.51,0.44,,,0.3,184477.0,,,9.2,21.1,17.0
Melexis,3075180000.0,EUR,Euronext Brussels,BEL_20,BE0165385973,2081517.2,Belgium,"10, Technology","1010, Technology","101020, Technology Hardware and Equipment","10102010, Semiconductors",,,,,,,,,,,,22.6,40.5,35.6
Sofina,7761780000.0,EUR,Euronext Brussels,BEL_20,BE0003717312,5461537.4,Belgium,"30, Financials","3020, Financial Services","302020, Investment Banking and Brokerage Services","30202010, Asset Managers and Custodians",,,,,,,,,,,,,,
Solvay,581604920.0,EUR,Euronext Brussels,BEL_20,BE0003470755,7360660.18,Belgium,"55, Basic Materials","5520, Chemicals","552010, Chemicals","55201000, Chemicals: Diversified",12.1,7.0,15.0,0.24,0.265,0.04,,0.467,35277806.0,,2835.035727,3.7,,22.7
Syensqo,5797260000.0,EUR,Euronext Brussels,BEL_20,BE0974464977,17858595.85,Belgium,"55, Basic Materials","5510, Basic Resources","551010, Industrial Materials","55101000, Diversified Materials",,,,,,,,,,,,5.1,3.1,10.4
Ucb,24974870000.0,EUR,Euronext Brussels,BEL_20,BE0003739530,29464937.4,Belgium,"20, Health Care","2010, Health Care","201030, Pharmaceuticals and Biotechnology","20103015, Pharmaceuticals",36.0,5.0,13.0,0.511,0.38,,,0.385,259055.763,0.054,5.912071,1.2,14.8,
Umicore,5568280000.0,EUR,Euronext Brussels,BEL_20,BE0974320526,9184805.78,Belgium,"55, Basic Materials","5520, Chemicals","552010, Chemicals","55201020, Specialty Chemicals",46.6,4.0,10.0,0.234,0.137,,,0.4,2027779.4,0.065,879.528016,3.7,10.4,0.2
Warehouses De PAUW,5864670000.0,EUR,Euronext Brussels,BEL_20,BE0974349814,6229126.0,Belgium,"35, Real Estate","3510, Real Estate","351020, Real Estate Investment Trusts","35102020, Industrial REITs",23.55,2.0,6.0,0.43,0.0,0.014,,0.333,368487596.0,0.02,32.335507,2.7,0.6,4.4
Altri Sgps,1081770000.0,EUR,Euronext Lisbon,PSI_20,PTALT0AE0002,2550086.065,Portugal,"55, Basic Materials","5510, Basic Resources","551010, Industrial Materials","55101015, Paper",29.0,4.0,12.0,0.18,0.24,,,0.333,4707447.377,,281.28224200000005,2.9,8.2,5.8
B.c.p.-bco Comercial PORTUGUES,5068590000.0,EUR,Euronext Lisbon,PSI_20,PTBCP0AM0015,28721189.2075,Portugal,"30, Financials","3010, Banks","301010, Banks","30101010, Banks",45.0,4.0,17.0,0.55,0.25,,0.014,0.235,86666.736,,,1.0,14.4,
Corticeira Amorim-sgps,1379230000.0,EUR,Euronext Lisbon,PSI_20,PTCOR0AE0006,353112.47,Portugal,"50, Industrials","5020, Industrial Goods and Services","502030, General Industrials","50203030, Containers and Packaging",18.0,4.0,10.0,0.26,0.26,0.001,,0.4,504409.015,,179.590405,,13.1,12.0
"Ctt-correios De PORTUGAL, SA",697570450.0,EUR,Euronext Lisbon,PSI_20,PTCTT0AM0001,871324.55,Portugal,"50, Industrials","5020, Industrial Goods and Services","502060, Industrial Transportation","50206040, Delivery Services",12.5,4.0,11.0,0.39,0.399,0.01,0.023,0.364,100952025.206,,20.6938,1.1,25.3,8.6
Edp,16304660000.0,EUR,Euronext Lisbon,PSI_20,PTEDP0AM0009,27912655.959,Portugal,"65, Utilities","6510, Utilities","651010, Electricity","65101010, Alternative Electricity",28.9,6.0,16.0,0.29,0.4,,0.0,0.375,20793905.524,0.058,301.6116,2.2,8.7,4.9
Edp Renovaveis,14210670000.0,EUR,Euronext Lisbon,PSI_20,ES0127797019,15709321.69,Spain,"65, Utilities","6510, Utilities","651010, Electricity","65101010, Alternative Electricity",29.0,5.0,12.0,0.34,0.0,,0.014,0.417,111243.422,0.142,91.9023,0.7,4.0,1.4
Galp Energia-nom,12309280000.0,EUR,Euronext Lisbon,PSI_20,PTGAL0AM0009,16908786.085,Portugal,"60, Energy","6010, Energy","601010, Oil, Gas and Coal","60101000, Integrated Oil and Gas",,5.0,18.0,0.45,0.25,0.19,,0.278,,,,10.8,27.8,23.3
Greenvolt Energias RENOVAVEIS S.A.,1236920000.0,EUR,Euronext Lisbon,PSI_20,PTGNV0AM0001,2188055.085,Portugal,"65, Utilities","6510, Utilities","651010, Electricity","65101010, Alternative Electricity",,4.0,11.0,0.4,,,,0.364,2677468.531,,33.420915,0.5,1.2,0.7
Ibersol-sgps,317273190.0,EUR,Euronext Lisbon,PSI_20,PTIBS0AM0008,71778.74,Portugal,"40, Consumer Discretionary","4050, Travel and Leisure","405010, Travel and Leisure","40501040, Restaurants and Bars",,2.0,5.0,0.53,,,,0.4,,,31.717475,3.1,6.3,5.6
"J.martins,sgps",12059970000.0,EUR,Euronext Lisbon,PSI_20,PTJMT0AE0001,30041997.66,Portugal,"45, Consumer Staples","4520, Personal Care, Drug and Grocery Stores","452010, Personal Care, Drug and Grocery Stores","45201010, Food Retailers and Wholesalers",55.88,4.0,11.0,0.76,0.669,0.022,0.018,0.364,2080793.331,,1766.3470120000002,6.0,27.3,17.1
Mota Engil,1405980000.0,EUR,Euronext Lisbon,PSI_20,PTMEN0AE0005,4903679.625,Portugal,"50, Industrials","5010, Construction and Materials","501010, Construction and Materials","50101010, Construction",11.1,7.0,15.0,0.14,0.01,,,0.467,1887065.399,,1403.5832,,,
"Nos, Sgps, SA",2000900000.0,EUR,Euronext Lisbon,PSI_20,PTZON0AM0006,2373187.562,Portugal,"15, Telecommunications","1510, Telecommunications","151020, Telecommunications Service Providers","15102015, Telecommunications Services",19.16,5.0,15.0,0.409,0.143,,0.01,0.333,212772.0,,0.1391,4.2,17.7,8.4
Ren,1570760000.0,EUR,Euronext Lisbon,PSI_20,PTREL0AM0008,2014785.58,Portugal,"65, Utilities","6510, Utilities","651010, Electricity","65101015, Conventional Electricity",52.0,5.0,14.0,0.253,0.29,0.017,,0.357,994269.962,,66.331761,,6.3,3.1
Semapa,1318240000.0,EUR,Euronext Lisbon,PSI_20,PTSEM0AM0004,477653.22,Portugal,"55, Basic Materials","5510, Basic Resources","551010, Industrial Materials","55101015, Paper",29.0,3.0,8.0,0.159,0.176,,,0.375,16167851.545,,,,20.1,14.0
Sonae,1932420000.0,EUR,Euronext Lisbon,PSI_20,PTSON0AM0001,2138812.327,Portugal,"45, Consumer Staples","4520, Personal Care, Drug and Grocery Stores","452010, Personal Care, Drug and Grocery Stores","45201010, Food Retailers and Wholesalers",21.53,3.0,10.0,0.66,,0.011,0.007,0.3,806124.812,0.25,1172.878253,2.5,12.5,5.6
The Navigator COMP,3005630000.0,EUR,Euronext Lisbon,PSI_20,PTPTI0AM0006,1264309.58,Portugal,"55, Basic Materials","5510, Basic Resources","551010, Industrial Materials","55101015, Paper",41.0,3.0,13.0,0.171,,,,0.231,11434862.203,,831.3153140000001,8.2,21.4,17.4
Aib Group PLC,14150750000.0,EUR,Euronext Dublin,ISEQ,IE00BF0L3536,21487391.6792,Ireland,"30, Financials","3010, Banks","301010, Banks","30101010, Banks",30.8,6.0,15.0,,0.37,0.189,,0.4,,,,1.5,15.1,
Bank Of IRELAND GROUP PLC,11243560000.0,EUR,Euronext Dublin,ISEQ,IE00BD1RP616,31868668.9018,Ireland,"30, Financials","3010, Banks","301010, Banks","30101010, Banks",,4.0,11.0,,0.46,,,0.364,,,,1.0,13.3,
Cairn Homes PLC,1126710000.0,EUR,Euronext Dublin,ISEQ,IE00BWY4ZF18,1141385.882,Ireland,"40, Consumer Discretionary","4020, Consumer Products and Services","402020, Household Goods and Home Construction","40202010, Home Construction",,3.0,9.0,0.25,0.2,0.195,,0.333,,,,6.9,11.3,12.1
Corre Energy B.V.,65889530.00000001,EUR,Euronext Growth Dublin,ISEQ,NL0015000DY3,0.0,Netherlands,"60, Energy","6010, Energy","601020, Alternative Energy","60102020, Renewable Energy Equipment",,0.0,4.0,,,,,0.0,,,,,440.7,
Crh Plc,53500.0,EUR,Euronext Growth Dublin,ISEQ,IE0001827264,34949000.0,Ireland,"50, Industrials","5010, Construction and Materials","501010, Construction and Materials","50101030, Cement",,,,,,,,,,,,6.0,13.8,12.0
Dalata Hotel GROUP PLC,1004233520.0,EUR,Euronext Dublin,ISEQ,IE00BJMZDW83,3251911.785,Ireland,"40, Consumer Discretionary","4050, Travel and Leisure","405010, Travel and Leisure","40501025, Hotels and Motels",10.0,5.0,8.0,,0.45,0.07,,0.625,138650.944,,67.585801,4.1,6.9,6.5
Datalex Plc,68147230.0,EUR,Euronext Growth Dublin,ISEQ,IE0000527006,26037.0,Ireland,"10, Technology","1010, Technology","101010, Software and Computer Services","10101015, Software",,0.0,7.0,0.271,0.417,,,0.0,,,,,173.3,560.36
Donegal Investment GROUP PLC,26824900.0,EUR,Euronext Growth Dublin,ISEQ,IE000TIRQBE1,29719.0,Ireland,"45, Consumer Staples","4510, Food, Beverage and Tobacco","451020, Food Producers","45102010, Farming, Fishing, Ranching and Plantations",,0.0,5.0,,,,,0.0,,,,0.2,0.9,1.1
Fbd Holdings PLC,581604920.0,EUR,Euronext Dublin,ISEQ,IE0003290289,107424.05,Ireland,"30, Financials","3030, Insurance","303020, Non-life Insurance","30302010, Full Line Insurance",,3.0,11.0,0.61,0.3,0.28,,0.273,,,82.1546,5.6,14.8,23.0
Fd Technologies PLC,447969410.0,EUR,Euronext Growth Dublin,ISEQ,GB0031477770,291102.0,United Kingdom,"10, Technology","1010, Technology","101010, Software and Computer Services","10101010, Computer Services",,2.0,7.0,0.3,,,,0.286,,,,1.3,5.6,3.0
Glanbia Plc,5018300000.0,EUR,Euronext Dublin,ISEQ,IE0000669501,5987491.495,Ireland,"45, Consumer Staples","4510, Food, Beverage and Tobacco","451020, Food Producers","45102020, Food Products",,5.0,14.0,0.27,0.38,0.01,,0.357,,,,5.5,16.0,11.4
Glenveagh Properties PLC,790630490.0,EUR,Euronext Dublin,ISEQ,IE00BD6JX574,376156.434,Ireland,"40, Consumer Discretionary","4020, Consumer Products and Services","402020, Household Goods and Home Construction","40202010, Home Construction",19.0,2.0,7.0,0.3,,,,0.286,,,0.3852,4.8,6.9,8.9
Great Western MINING CORPORATION PLC,3796360.0,EUR,Euronext Growth Dublin,ISEQ,IE00B1FR8863,368890.0,Ireland,"55, Basic Materials","5510, Basic Resources","551020, Industrial Metals and Mining","55102000, General Mining",,1.0,6.0,,,,,0.167,,,,6.0,9.7,
Greencoat Renewables PLC,1044062130.0,EUR,Euronext Growth Dublin,ISEQ,IE00BF2NR112,1115327.127,Ireland,"65, Utilities","6510, Utilities","651010, Electricity","65101010, Alternative Electricity",,,,,,,,,,,,2.3,3.3,3.5
Irish Continental GROUP PLC,881840500.0,EUR,Euronext Dublin,ISEQ,IE00BLP58571,3624727.86,Ireland,"50, Industrials","5020, Industrial Goods and Services","502060, Industrial Transportation","50206030, Marine Transportation",,2.0,6.0,0.39,,,,0.333,1870890.386,,,7.6,22.7,14.6
Irish Residential PROPERTIES REIT PLC,565516400.0,EUR,Euronext Dublin,ISEQ,IE00BJ34P519,1660168.326,Ireland,"35, Real Estate","3510, Real Estate","351020, Real Estate Investment Trusts","35102040, Residential REITs",41.0,3.0,9.0,0.49,,,,0.333,,,,2.5,,4.4
Kenmare Resources PLC,383805790.0,EUR,Euronext Dublin,ISEQ,IE00BDC5DG00,10005.18,Ireland,"55, Basic Materials","5510, Basic Resources","551020, Industrial Metals and Mining","55102000, General Mining",44.5,3.0,9.0,0.16,0.18,,,0.333,435903.0,,366.86,7.7,11.7,12.8
Kerry Group PLC,14694310000.0,EUR,Euronext Dublin,ISEQ,IE0004906560,32720274.9115,Ireland,"45, Consumer Staples","4510, Food, Beverage and Tobacco","451020, Food Producers","45102020, Food Products",7.0,6.0,14.0,0.326,0.24,,,0.429,3235078.0,,,4.5,11.4,9.1
Kingspan Group PLC,15872380000.0,EUR,Euronext Dublin,ISEQ,IE0004927939,25169002.55,Ireland,"50, Industrials","5010, Construction and Materials","501010, Construction and Materials","50101035, Building Materials: Other",,4.0,11.0,0.21,0.31,,,0.364,836500.0,,708.397887,6.7,17.8,13.7
Malin Corporation PLC,112683840.0,EUR,Euronext Growth Dublin,ISEQ,IE00BVGC3741,1629.8,Ireland,"20, Health Care","2010, Health Care","201030, Pharmaceuticals and Biotechnology","20103015, Pharmaceuticals",,2.0,6.0,,,,,0.333,,,,,,
Mincon Group PLC,111398770.0,EUR,Euronext Growth Dublin,ISEQ,IE00BD64C665,23400.0,Ireland,"50, Industrials","5020, Industrial Goods and Services","502040, Industrial Engineering","50204000, Machinery: Industrial",,2.0,8.0,,,,,0.25,,,,3.5,4.8,6.3
Origin Enterprises PLC,374074140.0,EUR,Euronext Growth Dublin,ISEQ,IE00B1WV4493,632910.88,Ireland,"45, Consumer Staples","4510, Food, Beverage and Tobacco","451020, Food Producers","45102010, Farming, Fishing, Ranching and Plantations",,3.0,9.0,0.27,0.25,,,0.333,12314.0,,60767.00686400001,3.2,11.6,8.7
Ovoca Bio PLC,567905.7100000001,EUR,Euronext Growth Dublin,ISEQ,IE00B4XVDC01,,Ireland,"20, Health Care","2010, Health Care","201030, Pharmaceuticals and Biotechnology","20103010, Biotechnology",,2.0,4.0,,,,,0.5,,,,4.9,,
Permanent Tsb GROUP HOLDINGS PLC,922373170.0,EUR,Euronext Dublin,ISEQ,IE00BWB8X525,548804.68,Ireland,"30, Financials","3010, Banks","301010, Banks","30101010, Banks",,,,,,,,,,,,7.1,11.8,9.8
Ryanair Holdings PLC,25067960000.0,EUR,Euronext Dublin,ISEQ,IE00BYTBXV33,36016980.86,Ireland,"40, Consumer Discretionary","4050, Travel and Leisure","405010, Travel and Leisure","40501010, Airlines",,5.0,13.0,0.42,,,,0.385,,,882.5472350000001,8.7,28.8,19.7
Smurfit Kappa GROUP PLC,11398710000.0,EUR,Euronext Dublin,ISEQ,IE00B1RR8406,34031383.7005,Ireland,"50, Industrials","5020, Industrial Goods and Services","502030, General Industrials","50203030, Containers and Packaging",,,,,,,,,,,,6.9,14.3,14.6
Uniphar Plc,756607700.0,EUR,Euronext Growth Dublin,ISEQ,IE00BJ5FQX74,105810.205,Ireland,"45, Consumer Staples","4520, Personal Care, Drug and Grocery Stores","452010, Personal Care, Drug and Grocery Stores","45201015, Drug Retailers",,,,,,,,,,,,4.0,14.5,10.9
Aker Bp,16368534000.0,NOK,Oslo Børs,OBX,NO0010345853,16084259.0,Norway,"60, Energy","6010, Energy","601010, Oil, Gas and Coal","60101010, Oil: Crude Producers",23.3,4.0,12.0,,,,,0.333,5084936.846,,2572.4275,15.8,10.8,32.9
Bw Lpg,1821820000.0,NOK,Oslo Børs,OBX,BMG173841013,3136004.9,Bermuda,"50, Industrials","5020, Industrial Goods and Services","502060, Industrial Transportation","50206030, Marine Transportation",10.6,3.0,5.0,0.4,0.17,,,0.6,4592559.23,0.12,,11.9,31.0,22.4
Dnb Bank ASA,29661814000.0,NOK,Oslo Børs,OBX,NO0010161896,16987184.0,Norway,"30, Financials","3010, Banks","301010, Banks","30101010, Banks",,5.0,10.0,0.462,0.417,,,0.5,,,,1.2,15.3,
Equinor,82094103000.0,NOK,Oslo Børs,OBX,NO0010096985,30272743.0,Norway,"60, Energy","6010, Energy","601010, Oil, Gas and Coal","60101000, Integrated Oil and Gas",,4.0,10.0,0.32,0.36,,,0.4,,,2061.02,14.9,23.2,38.5
Frontline Plc,5242965000.0,NOK,Oslo Børs,OBX,CY0200352116,16385905.0,Cyprus,"50, Industrials","5020, Industrial Goods and Services","502060, Industrial Transportation","50206030, Marine Transportation",,0.0,6.0,0.263,,,,0.0,,,,8.5,28.0,12.6
Golden Ocean GROUP,2636998000.0,NOK,Oslo Børs,OBX,BMG396372051,3527483.8,Bermuda,"50, Industrials","5020, Industrial Goods and Services","502060, Industrial Transportation","50206030, Marine Transportation",,0.0,5.0,0.342,,,,0.0,5967680.885,,622.17,3.5,5.8,5.6
Hafnia Limited,3754114000.0,NOK,Oslo Børs,OBX,BMG4233B1090,3890356.5,Bermuda,"50, Industrials","5020, Industrial Goods and Services","502060, Industrial Transportation","50206030, Marine Transportation",16.3,1.0,6.0,0.054,0.17,,,0.167,,,,12.7,37.4,22.6
Hoegh Autoliners ASA,1696968000.0,NOK,Oslo Børs,OBX,NO0011082075,3543368.0,Norway,"50, Industrials","5020, Industrial Goods and Services","502060, Industrial Transportation","50206030, Marine Transportation",,3.0,7.0,0.46,0.29,,,0.429,,0.079,776.2357,19.3,47.6,30.1
Kongsberg Gruppen,11926642000.0,NOK,Oslo Børs,OBX,NO0003043309,5625502.1,Norway,"50, Industrials","5020, Industrial Goods and Services","502030, General Industrials","50203000, Diversified Industrials",,4.0,8.0,0.216,0.21,0.08,,0.5,174434.0,0.053,18.82426,6.0,24.6,20.4
Mowi,8660834000.0,NOK,Oslo Børs,OBX,NO0003054108,8722074.0,Norway,"45, Consumer Staples","4510, Food, Beverage and Tobacco","451020, Food Producers","45102010, Farming, Fishing, Ranching and Plantations",13.9,4.0,9.0,0.4,0.25,,0.016,0.444,910834.062,,225.6737,7.8,11.8,13.7
Mpc Container SHIPS,526071000.0,NOK,Oslo Børs,OBX,NO0010791353,5118380.1,Norway,"50, Industrials","5020, Industrial Goods and Services","502060, Industrial Transportation","50206030, Marine Transportation",,2.0,5.0,0.364,,,,0.4,5931381.967,,2637.81,25.8,44.1,44.8
Nel,719082000.0,NOK,Oslo Børs,OBX,NO0010081235,1409046.6,Norway,"60, Energy","6010, Energy","601020, Alternative Energy","60102020, Renewable Energy Equipment",7.2,3.0,7.0,0.205,0.111,0.15,,0.429,16729.0,,0.1440893999999999,,,
Nordic Semiconductor,1594684000.0,NOK,Oslo Børs,OBX,NO0003055501,1436012.5,Norway,"10, Technology","1010, Technology","101020, Technology Hardware and Equipment","10102010, Semiconductors",,4.0,10.0,0.171,0.2,,,0.4,5177.0,,28.36,0.4,1.3,0.6
Norsk Hydro,13214292000.0,NOK,Oslo Børs,OBX,NO0005052605,17755927.0,Norway,"55, Basic Materials","5510, Basic Resources","551020, Industrial Metals and Mining","55102035, Aluminum",,4.0,11.0,,,,,0.364,45700000.0,,10.66156,12.0,2.6,26.2
Norwegian Air SHUTTLE,1453816000.0,NOK,Oslo Børs,OBX,NO0010196140,2870447.2,Norway,"40, Consumer Discretionary","4050, Travel and Leisure","405010, Travel and Leisure","40501010, Airlines",,3.0,8.0,0.43,0.22,,,0.375,,,0.01092,5.2,34.8,11.3
Orkla,7199283000.0,NOK,Oslo Børs,OBX,NO0003733800,5100429.4,Norway,"45, Consumer Staples","4510, Food, Beverage and Tobacco","451020, Food Producers","45102020, Food Products",12.4,5.0,11.0,0.465,0.402,,,0.455,1005000.0,,2.96387,5.1,12.1,9.7
Pgs,769041000.0,NOK,Oslo Børs,OBX,NO0010199151,1853008.0,Norway,"60, Energy","6010, Energy","601010, Oil, Gas and Coal","60101030, Oil Equipment and Services",13.7,5.0,10.0,0.3,,,,0.5,1061000.0,,0.0,5.4,,11.9
Salmar,7840105000.0,NOK,Oslo Børs,OBX,NO0010310956,4453044.5,Norway,"45, Consumer Staples","4510, Food, Beverage and Tobacco","451020, Food Producers","45102010, Farming, Fishing, Ranching and Plantations",,3.0,7.0,0.28,0.14,,,0.429,293889.124,,1.3039117,10.2,11.6,20.8
Storebrand,4024202000.0,NOK,Oslo Børs,OBX,NO0003053605,2803783.3,Norway,"30, Financials","3030, Insurance","303010, Life Insurance","30301010, Life Insurance",6.0,5.0,10.0,0.46,0.56,0.16,,0.5,,,0.0006734,3.4,11.4,53.6
Subsea 7,4940026000.0,NOK,Oslo Børs,OBX,LU0075646355,4725038.4,Luxembourg,"60, Energy","6010, Energy","601010, Oil, Gas and Coal","60101030, Oil Equipment and Services",13.08,1.0,7.0,0.17,0.29,,,0.143,2173161.211,0.082,152.0874,1.4,1.2,2.9
Telenor,15498574000.0,NOK,Oslo Børs,OBX,NO0010063308,14213886.0,Norway,"15, Telecommunications","1510, Telecommunications","151020, Telecommunications Service Providers","15102015, Telecommunications Services",,5.0,10.0,0.38,,,,0.5,2791000.0,,0.00091,4.7,,
Tgs Asa,1566838000.0,NOK,Oslo Børs,OBX,NO0003078800,2237835.2,Norway,"60, Energy","6010, Energy","601010, Oil, Gas and Coal","60101030, Oil Equipment and Services",21.6,2.0,5.0,0.545,0.29,,,0.4,,,0.07,4.1,1.7,9.0
Tomra Systems,3919734000.0,NOK,Oslo Børs,OBX,NO0012470089,4587812.8,Norway,"50, Industrials","5020, Industrial Goods and Services","502040, Industrial Engineering","50204000, Machinery: Industrial",,3.0,8.0,0.23,0.29,0.023,,0.375,2159283.0,,2.69087,5.1,11.1,10.5
Vår Energi ASA,8564465000.0,NOK,Oslo Børs,OBX,NO0011202772,7863171.6,Norway,"60, Energy","6010, Energy","601010, Oil, Gas and Coal","60101015, Offshore Drilling and Other Services",,6.0,12.0,0.255,0.3,0.06,,0.5,980871.34,,735.2741,12.9,37.6,28.1
Yara International,7844109000.0,NOK,Oslo Børs,OBX,NO0010208051,13150775.0,Norway,"55, Basic Materials","5520, Chemicals","552010, Chemicals","55201015, Fertilizers",,,,,,,,,,,,1.5,0.7,3.4
A2a,5797260000.0,EUR,Euronext Milan,MIB,IT0001233417,15348591.3715,Italy,"65, Utilities","6510, Utilities","651010, Electricity","65101015, Conventional Electricity",24.0,5.0,12.0,0.19,0.25,,,0.417,,0.089,1060.3642220000002,2.3,8.8,7.2
Amplifon,7511400000.0,EUR,Euronext Milan,MIB,IT0004056880,16115093.94,Italy,"20, Health Care","2010, Health Care","201020, Medical Equipment and Services","20102015, Medical Supplies",29.8,5.0,9.0,0.733,0.274,,0.047,0.556,67190.887,,18.3291,4.7,14.5,10.1
Azimut,3703270000.0,EUR,Euronext Milan,MIB,IT0003261697,,Italy,"30, Financials","3020, Financial Services","302020, Investment Banking and Brokerage Services","30202010, Asset Managers and Custodians",5.0,7.0,16.0,0.46,0.16,,0.005,0.438,2855.28,,,,29.2,27.0
Banca Generali,4458690000.0,EUR,Euronext Milan,MIB,IT0001031084,5961923.43,Italy,"30, Financials","3010, Banks","301010, Banks","30101010, Banks",59.0,4.0,8.0,0.49,0.37,,0.047,0.5,3159.447,,,2.0,28.6,
Generali Ass,37827710000.0,EUR,Euronext Milan,MIB,IT0000062072,,Italy,"30, Financials","3030, Insurance","303020, Non-life Insurance","30302010, Full Line Insurance",34.4,6.0,13.0,0.511,,0.145,,0.462,,,1.8511,0.8,13.4,13.3
Banca Mediolanum,8115950000.0,EUR,Euronext Milan,MIB,IT0004776628,9094819.26,Italy,"30, Financials","3020, Financial Services","302020, Investment Banking and Brokerage Services","30202000, Diversified Financial Services",34.39,6.0,13.0,0.495,,,,0.461,19118.515,,,,25.8,
Banco Bpm,10300890000.0,EUR,Euronext Milan,MIB,IT0005218380,65294407.82,Italy,"30, Financials","3010, Banks","301010, Banks","30101010, Banks",55.0,6.0,15.0,0.461,0.26,,,0.4,158564.738,,,0.6,9.3,
Bper Banca,6689640000.0,EUR,Euronext Milan,MIB,IT0000066123,53576314.264,Italy,"30, Financials","3010, Banks","301010, Banks","30101010, Banks",45.14,8.0,15.0,0.47,0.208,,,0.533,143635.115,0.011,,1.1,17.5,
Buzzi,6937880000.0,EUR,Euronext Milan,MIB,IT0001347308,,Italy,"50, Industrials","5010, Construction and Materials","501010, Construction and Materials","50101030, Cement",31.0,5.0,12.0,0.142,,,,0.417,29099189.946,,,5.9,16.1,10.8
Cnh Industrial,15714020000.0,EUR,Euronext Global Equity Market,MIB,NL0010545661,,Netherlands,"50, Industrials","5020, Industrial Goods and Services","502040, Industrial Engineering","50204010, Machinery: Agricultural",22.19,4.0,9.0,0.106,0.17,,0.018,0.444,1047778.616,,,4.3,31.3,8.2
Diasorin,5362840000.0,EUR,Euronext Milan,MIB,IT0003492391,,Italy,"20, Health Care","2010, Health Care","201020, Medical Equipment and Services","20102010, Medical Equipment",60.84,6.0,15.0,0.43,0.269,0.1,,0.4,59133.103,,,4.7,10.4,9.1
Enel,63877930000.0,EUR,Euronext Milan,MIB,IT0003128367,136799560.425,Italy,"65, Utilities","6510, Utilities","651010, Electricity","65101015, Conventional Electricity",47.4,4.0,9.0,0.234,0.249,0.193,0.033,0.444,,,0.0009,3.3,10.6,8.4
Eni,53524610000.0,EUR,Euronext Milan,MIB,IT0003132476,104868716.542,Italy,"60, Energy","6010, Energy","601010, Oil, Gas and Coal","60101000, Integrated Oil and Gas",31.1,4.0,9.0,0.269,0.175,0.01,,0.444,143639003.8,0.027,2725.668138,4.4,8.8,11.2
Erg,3870190000.0,EUR,Euronext Milan,MIB,IT0001157020,10616424.48,Italy,"65, Utilities","6510, Utilities","651010, Electricity","65101010, Alternative Electricity",42.5,5.0,12.0,0.31,0.18,0.01,,0.417,22000.0,0.054,28.547600000000003,4.1,10.9,8.5
Finecobank,9116400000.0,EUR,Euronext Milan,MIB,IT0000072170,34547669.415,Italy,"30, Financials","3010, Banks","301010, Banks","30101010, Banks",,,,,,,,,,,,1.8,29.7,
Hera,5100690000.0,EUR,Euronext Milan,MIB,IT0001250932,9303130.046,Italy,"65, Utilities","6510, Utilities","651020, Gas, Water and Multi-utilities","65102000, Multi-utilities",30.8,6.0,15.0,0.276,0.216,,0.035,0.4,3981392.074,0.024,1353.045067,2.0,11.3,8.0
Interpump Group,4790390000.0,EUR,Euronext Milan,MIB,IT0001078911,,Italy,"50, Industrials","5020, Industrial Goods and Services","502040, Industrial Engineering","50204000, Machinery: Industrial",10.0,5.0,10.0,0.192,0.113,,,0.5,231037.685,,,8.4,16.5,16.0
Intesa Sanpaolo,65524660000.0,EUR,Euronext Milan,MIB,IT0000072618,334011620.8755,Italy,"30, Financials","3010, Banks","301010, Banks","30101010, Banks",51.4,8.0,19.0,0.537,0.005,,0.045,0.421,1000598.3,0.028,,0.8,12.4,
Inwit,10125410000.0,EUR,Euronext Milan,MIB,IT0005090300,,Italy,"15, Telecommunications","1510, Telecommunications","151020, Telecommunications Service Providers","15102015, Telecommunications Services",19.1,5.0,11.0,0.38,0.26,,,0.455,774287.008,,20.111506,2.3,5.1,3.6
Italgas,4366670000.0,EUR,Euronext Milan,MIB,IT0005211237,14211177.675,Italy,"65, Utilities","6510, Utilities","651020, Gas, Water and Multi-utilities","65102020, Gas Distribution",35.0,4.0,9.0,0.178,0.183,0.132,0.043,0.444,131111.216,0.021,28.653851,4.4,18.7,7.8
Iveco Group,3642280000.0,EUR,Euronext Milan,MIB,NL0015000LU4,,Netherlands,"50, Industrials","5020, Industrial Goods and Services","502060, Industrial Transportation","50206015, Commercial Vehicles and Parts",11.29,3.0,9.0,0.184,0.188,,0.053,0.333,847789.845,0.029,8678.277051000001,3.4,0.8,11.4
Leonardo,13411380000.0,EUR,Euronext Milan,MIB,IT0003856405,80210448.25,Italy,"50, Industrials","5020, Industrial Goods and Services","502010, Aerospace and Defense","50201020, Defense",24.1,5.0,12.0,0.196,0.16,0.02,0.032,0.417,1475278.958,0.044,464.8936000000001,2.5,8.5,8.5
Mediobanca,12349940000.0,EUR,Euronext Milan,MIB,IT0000062957,36720225.11,Italy,"30, Financials","3020, Financial Services","302020, Investment Banking and Brokerage Services","30202000, Diversified Financial Services",26.3,6.0,15.0,0.42,,0.261,,0.4,37727.558,,,1.2,10.5,
Moncler,19241810000.0,EUR,Euronext Milan,MIB,IT0004965148,39842407.96,Italy,"40, Consumer Discretionary","4020, Consumer Products and Services","402040, Personal Goods","40204020, Clothing and Accessories",27.07,5.0,12.0,0.688,0.51,,0.012,0.417,,0.134,19.532101,12.8,20.0,22.2
Nexi,7647290000.0,EUR,Euronext Milan,MIB,IT0005366767,31687424.46,Italy,"50, Industrials","5020, Industrial Goods and Services","502050, Industrial Support Services","50205015, Transaction Processing Services",19.6,5.0,13.0,0.42,0.223,0.193,0.017,0.385,65359.997,,,4.0,,7.1
Pirelli & C,6280900000.0,EUR,Euronext Milan,MIB,IT0005278236,,Italy,"40, Consumer Discretionary","4010, Automobiles and Parts","401010, Automobiles and Parts","40101015, Tires",177.6,6.0,15.0,0.156,0.137,,0.019,0.4,2825114.76,0.065,388.0569,3.8,9.0,7.9
Poste Italiane,16288610000.0,EUR,Euronext Milan,MIB,IT0003796171,20091812.405,Italy,"30, Financials","3030, Insurance","303010, Life Insurance","30301010, Life Insurance",48.0,4.0,9.0,0.531,0.46,0.007,0.043,0.444,1087570.315,0.055,3.856922,0.6,20.0,2.5
Prysmian,14860160000.0,EUR,Euronext Milan,MIB,IT0004176001,32770169.11,Italy,"50, Industrials","5020, Industrial Goods and Services","502020, Electronic and Electrical Equipment","50202010, Electrical Components",35.7,5.0,12.0,0.205,0.188,0.05,,0.417,2675308.807,,19548.450600000004,5.0,14.1,14.4
Recordati Ord,11130140000.0,EUR,Euronext Milan,MIB,IT0003828271,,Italy,"20, Health Care","2010, Health Care","201030, Pharmaceuticals and Biotechnology","20103015, Pharmaceuticals",27.8,5.0,12.0,0.48,,0.1,,0.417,172500.138,,,9.4,24.1,16.9
Snam,15283880000.0,EUR,Euronext Milan,MIB,IT0003153415,27229014.126,Italy,"60, Energy","6010, Energy","601010, Oil, Gas and Coal","60101035, Pipelines",33.7,4.0,9.0,0.165,0.197,0.08,,0.444,4900281.698,0.038,105.518692,3.3,15.5,6.4
Telecom Italia,3591990000.0,EUR,Euronext Milan,MIB,IT0003497168,33292500.825,Italy,"15, Telecommunications","1510, Telecommunications","151020, Telecommunications Service Providers","15102015, Telecommunications Services",53.75,6.0,15.0,0.38,0.28,,0.03,0.4,2671000.0,,133.6323,1.4,,2.7
Terna,15627350000.0,EUR,Euronext Milan,MIB,IT0003242622,28057808.69,Italy,"65, Utilities","6510, Utilities","651010, Electricity","65101015, Conventional Electricity",36.0,6.0,13.0,0.161,0.237,0.19,,0.461,257855.04,0.018,141.369684,4.0,14.1,8.1
Unipol,6241310000.0,EUR,Euronext Milan,MIB,IT0004810054,11482654.042,Italy,"30, Financials","3030, Insurance","303020, Non-life Insurance","30302010, Full Line Insurance",15.72,6.0,15.0,0.543,0.162,0.09,,0.4,147441.785,0.027,509.708945,1.9,14.5,15.2
